,time,y
0,0.0,0.0
1,0.01,0.7460696614945643
2,0.02,1.445261022305146
3,0.03,2.0536413177860657
4,0.04,2.532983776506045
5,0.05,2.8531695488854605
6,0.06,2.9940801852848145
7,0.07,2.9468617521860656
8,0.08,2.7144811573980583
9,0.09,2.311539728327368
10,0.1,1.7633557568774196
11,0.11,1.1043736580540344
12,0.12,0.3759997006929136
13,0.13,-0.3759997006929129
14,0.14,-1.1043736580540349
15,0.15,-1.7633557568774192
16,0.16,-2.311539728327368
17,0.17,-2.714481157398059
18,0.18,-2.946861752186066
19,0.19,-2.9940801852848145
20,0.2,-2.853169548885461
21,0.21,-2.532983776506047
22,0.22,-2.0536413177860666
23,0.23,-1.445261022305146
24,0.24,-0.7460696614945661
25,0.25,-7.347880794884119e-16
26,0.26,0.7460696614945647
27,0.27,1.445261022305147
28,0.28,2.053641317786068
29,0.29,2.532983776506044
30,0.3,2.8531695488854605
31,0.31,2.9940801852848145
32,0.32,2.9468617521860656
33,0.33,2.714481157398058
34,0.34,2.3115397283273658
35,0.35000000000000003,1.76335575687742
36,0.36,1.104373658054034
37,0.37,0.37599970069291166
38,0.38,-0.37599970069290956
39,0.39,-1.1043736580540318
40,0.4,-1.7633557568774183
41,0.41000000000000003,-2.3115397283273675
42,0.42,-2.7144811573980565
43,0.43,-2.9468617521860656
44,0.44,-2.9940801852848145
45,0.45,-2.8531695488854614
46,0.46,-2.5329837765060454
47,0.47000000000000003,-2.0536413177860657
48,0.48,-1.445261022305149
49,0.49,-0.7460696614945668
50,0.5,-1.4695761589768238e-15
51,0.51,0.746069661494564
52,0.52,1.4452610223051463
53,0.53,2.053641317786067
54,0.54,2.532983776506047
55,0.55,2.853169548885462
56,0.56,2.994080185284815
57,0.5700000000000001,2.9468617521860656
58,0.58,2.7144811573980605
59,0.59,2.3115397283273693
60,0.6,1.7633557568774207
61,0.61,1.1043736580540346
62,0.62,0.37599970069291244
63,0.63,-0.3759997006929088
64,0.64,-1.104373658054036
65,0.65,-1.7633557568774179
66,0.66,-2.3115397283273706
67,0.67,-2.7144811573980587
68,0.68,-2.9468617521860674
69,0.6900000000000001,-2.9940801852848145
70,0.7000000000000001,-2.8531695488854614
71,0.71,-2.5329837765060486
72,0.72,-2.0536413177860657
73,0.73,-1.4452610223051496
74,0.74,-0.7460696614945623
75,0.75,-2.204364238465236e-15
76,0.76,0.7460696614945581
77,0.77,1.4452610223051456
78,0.78,2.053641317786063
79,0.79,2.5329837765060463
80,0.8,2.85316954888546
81,0.81,2.994080185284815
82,0.8200000000000001,2.946861752186066
83,0.8300000000000001,2.714481157398056
84,0.84,2.3115397283273733
85,0.85,1.7633557568774214
86,0.86,1.1043736580540402
87,0.87,0.3759997006929132
88,0.88,-0.375999700692908
89,0.89,-1.1043736580540355
90,0.9,-1.7633557568774174
91,0.91,-2.31153972832737
92,0.92,-2.7144811573980583
93,0.93,-2.9468617521860674
94,0.9400000000000001,-2.9940801852848145
95,0.9500000000000001,-2.853169548885462
96,0.96,-2.532983776506049
97,0.97,-2.0536413177860666
98,0.98,-1.44526102230515
99,0.99,-0.746069661494563
100,1.0,-2.9391523179536475e-15
101,1.01,0.7460696614945574
102,1.02,1.4452610223051452
103,1.03,2.053641317786062
104,1.04,2.532983776506046
105,1.05,2.85316954888546
106,1.06,2.994080185284815
107,1.07,2.946861752186066
108,1.08,2.7144811573980565
109,1.09,2.311539728327367
110,1.1,1.7633557568774134
111,1.11,1.1043736580540309
112,1.12,0.3759997006929033
113,1.1300000000000001,-0.37599970069291794
114,1.1400000000000001,-1.1043736580540346
115,1.1500000000000001,-1.7633557568774254
116,1.16,-2.3115397283273627
117,1.17,-2.7144811573980534
118,1.18,-2.9468617521860647
119,1.19,-2.9940801852848153
120,1.2,-2.853169548885462
121,1.21,-2.5329837765060494
122,1.22,-2.0536413177860666
123,1.23,-1.4452610223051507
124,1.24,-0.7460696614945638
125,1.25,-3.67394039744206e-15
126,1.26,0.7460696614945567
127,1.27,1.4452610223051445
128,1.28,2.0536413177860693
129,1.29,2.5329837765060454
130,1.3,2.8531695488854596
131,1.31,2.994080185284814
132,1.32,2.9468617521860647
133,1.33,2.7144811573980565
134,1.34,2.3115397283273675
135,1.35,1.7633557568774227
136,1.36,1.1043736580540218
137,1.37,0.375999700692904
138,1.3800000000000001,-0.3759997006929172
139,1.3900000000000001,-1.1043736580540342
140,1.4000000000000001,-1.763355756877416
141,1.41,-2.3115397283273627
142,1.42,-2.714481157398053
143,1.43,-2.946861752186063
144,1.44,-2.9940801852848145
145,1.45,-2.853169548885462
146,1.46,-2.53298377650605
147,1.47,-2.0536413177860755
148,1.48,-1.445261022305142
149,1.49,-0.7460696614945644
150,1.5,-4.408728476930472e-15
151,1.51,0.746069661494556
152,1.52,1.4452610223051345
153,1.53,2.053641317786069
154,1.54,2.532983776506045
155,1.55,2.853169548885459
156,1.56,2.994080185284814
157,1.57,2.9468617521860647
158,1.58,2.714481157398057
159,1.59,2.311539728327368
160,1.6,1.7633557568774232
161,1.61,1.1043736580540224
162,1.62,0.3759997006929048
163,1.6300000000000001,-0.37599970069291644
164,1.6400000000000001,-1.1043736580540333
165,1.6500000000000001,-1.7633557568774154
166,1.6600000000000001,-2.3115397283273755
167,1.67,-2.714481157398053
168,1.68,-2.946861752186063
169,1.69,-2.9940801852848145
170,1.7,-2.8531695488854623
171,1.71,-2.5329837765060503
172,1.72,-2.053641317786076
173,1.73,-1.4452610223051428
174,1.74,-0.7460696614945652
175,1.75,-5.143516556418883e-15
176,1.76,0.7460696614945552
177,1.77,1.4452610223051339
178,1.78,2.0536413177860684
179,1.79,2.5329837765060446
180,1.8,2.853169548885459
181,1.81,2.994080185284814
182,1.82,2.9468617521860647
183,1.83,2.7144811573980574
184,1.84,2.3115397283273684
185,1.85,1.7633557568774236
186,1.86,1.104373658054023
187,1.87,0.37599970069290556
188,1.8800000000000001,-0.37599970069291566
189,1.8900000000000001,-1.1043736580540329
190,1.9000000000000001,-1.7633557568774147
191,1.9100000000000001,-2.311539728327375
192,1.92,-2.7144811573980525
193,1.93,-2.9468617521860625
194,1.94,-2.9940801852848145
195,1.95,-2.8531695488854627
196,1.96,-2.5329837765060503
197,1.97,-2.0536413177860764
198,1.98,-1.4452610223051434
199,1.99,-0.7460696614945659
200,2.0,-5.878304635907295e-15
201,2.0100000000000002,0.7460696614945751
202,2.02,1.4452610223051332
203,2.0300000000000002,2.053641317786068
204,2.04,2.532983776506044
205,2.05,2.853169548885452
206,2.06,2.994080185284814
207,2.07,2.9468617521860687
208,2.08,2.714481157398058
209,2.09,2.311539728327382
210,2.1,1.7633557568774245
211,2.11,1.1043736580540435
212,2.12,0.3759997006929062
213,2.13,-0.3759997006928939
214,2.14,-1.104373658054032
215,2.15,-1.763355756877414
216,2.16,-2.311539728327374
217,2.17,-2.7144811573980525
218,2.18,-2.9468617521860665
219,2.19,-2.9940801852848145
220,2.2,-2.8531695488854565
221,2.21,-2.5329837765060508
222,2.22,-2.0536413177860613
223,2.23,-1.445261022305144
224,2.24,-0.746069661494546
225,2.25,-6.6130927153957075e-15
226,2.2600000000000002,0.7460696614945744
227,2.27,1.4452610223051325
228,2.2800000000000002,2.053641317786067
229,2.29,2.532983776506044
230,2.3000000000000003,2.8531695488854654
231,2.31,2.994080185284814
232,2.32,2.9468617521860687
233,2.33,2.714481157398058
234,2.34,2.311539728327383
235,2.35,1.763355756877425
236,2.36,1.1043736580540442
237,2.37,0.37599970069290695
238,2.38,-0.3759997006928931
239,2.39,-1.1043736580540313
240,2.4,-1.7633557568774139
241,2.41,-2.311539728327374
242,2.42,-2.714481157398052
243,2.43,-2.946861752186066
244,2.44,-2.994080185284815
245,2.45,-2.8531695488854565
246,2.46,-2.5329837765060517
247,2.47,-2.0536413177860617
248,2.48,-1.4452610223051447
249,2.49,-0.7460696614945467
250,2.5,-7.34788079488412e-15
251,2.5100000000000002,0.7460696614945737
252,2.52,1.4452610223051319
253,2.5300000000000002,2.0536413177860666
254,2.54,2.5329837765060437
255,2.5500000000000003,2.853169548885465
256,2.56,2.9940801852848153
257,2.57,2.946861752186073
258,2.58,2.7144811573980583
259,2.59,2.3115397283273698
260,2.6,1.7633557568774254
261,2.61,1.1043736580540449
262,2.62,0.3759997006929289
263,2.63,-0.37599970069289235
264,2.64,-1.1043736580540504
265,2.65,-1.7633557568773957
266,2.66,-2.3115397283273738
267,2.67,-2.714481157398061
268,2.68,-2.946861752186066
269,2.69,-2.994080185284815
270,2.7,-2.853169548885463
271,2.71,-2.532983776506052
272,2.72,-2.053641317786047
273,2.73,-1.445261022305164
274,2.74,-0.7460696614945475
275,2.75,-2.939895094717554e-14
276,2.7600000000000002,0.746069661494573
277,2.77,1.44526102230515
278,2.7800000000000002,2.053641317786066
279,2.79,2.5329837765060432
280,2.8000000000000003,2.8531695488854583
281,2.81,2.994080185284814
282,2.82,2.946861752186069
283,2.83,2.7144811573980676
284,2.84,2.311539728327384
285,2.85,1.7633557568774088
286,2.86,1.1043736580540653
287,2.87,0.37599970069290845
288,2.88,-0.3759997006929128
289,2.89,-1.10437365805403
290,2.9,-1.7633557568774125
291,2.91,-2.3115397283273595
292,2.92,-2.714481157398051
293,2.93,-2.94686175218607
294,2.94,-2.9940801852848162
295,2.95,-2.853169548885457
296,2.96,-2.532983776506041
297,2.97,-2.053641317786063
298,2.98,-1.445261022305146
299,2.99,-0.7460696614945688
300,3.0,-8.817456953860943e-15
301,3.0100000000000002,0.746069661494593
302,3.02,1.4452610223051305
303,3.0300000000000002,2.0536413177860813
304,3.04,2.5329837765060312
305,3.0500000000000003,2.8531695488854645
306,3.06,2.9940801852848153
307,3.0700000000000003,2.9468617521860656
308,3.08,2.7144811573980587
309,3.09,2.3115397283273706
310,3.1,1.7633557568774267
311,3.11,1.1043736580540464
312,3.12,0.37599970069293026
313,3.13,-0.37599970069289096
314,3.14,-1.104373658054049
315,3.15,-1.7633557568773948
316,3.16,-2.311539728327373
317,3.17,-2.71448115739806
318,3.18,-2.9468617521860656
319,3.19,-2.994080185284815
320,3.2,-2.8531695488854636
321,3.21,-2.5329837765060526
322,3.22,-2.053641317786048
323,3.23,-1.4452610223051652
324,3.24,-0.7460696614945488
325,3.25,1.176403703945365e-14
326,3.2600000000000002,0.7460696614945717
327,3.27,1.4452610223051487
328,3.2800000000000002,2.0536413177860653
329,3.29,2.5329837765060423
330,3.3000000000000003,2.8531695488854574
331,3.31,2.9940801852848136
332,3.3200000000000003,2.9468617521860616
333,3.33,2.714481157398068
334,3.34,2.311539728327385
335,3.35,1.76335575687741
336,3.36,1.1043736580540668
337,3.37,0.3759997006929099
338,3.38,-0.37599970069291133
339,3.39,-1.1043736580540287
340,3.4,-1.7633557568774114
341,3.41,-2.311539728327358
342,3.42,-2.7144811573980507
343,3.43,-2.94686175218607
344,3.44,-2.9940801852848162
345,3.45,-2.8531695488854574
346,3.46,-2.5329837765060415
347,3.47,-2.053641317786064
348,3.48,-1.4452610223051474
349,3.49,-0.7460696614945701
350,3.5,-1.0287033112837767e-14
351,3.5100000000000002,0.7460696614945915
352,3.52,1.4452610223051292
353,3.5300000000000002,2.05364131778608
354,3.54,2.532983776506031
355,3.5500000000000003,2.853169548885464
356,3.56,2.994080185284815
357,3.5700000000000003,2.9468617521860656
358,3.58,2.714481157398059
359,3.59,2.3115397283273715
360,3.6,1.763355756877428
361,3.61,1.1043736580540477
362,3.62,0.37599970069293176
363,3.63,-0.37599970069288946
364,3.64,-1.1043736580540477
365,3.65,-1.7633557568773934
366,3.66,-2.3115397283273715
367,3.67,-2.714481157398059
368,3.68,-2.9468617521860656
369,3.69,-2.994080185284815
370,3.7,-2.853169548885464
371,3.71,-2.5329837765060534
372,3.72,-2.0536413177860493
373,3.73,-1.4452610223051665
374,3.74,-0.7460696614945502
375,3.75,-3.233810326512918e-14
376,3.7600000000000002,0.7460696614945702
377,3.77,1.4452610223051474
378,3.7800000000000002,2.053641317786064
379,3.79,2.5329837765060415
380,3.8000000000000003,2.8531695488854574
381,3.81,2.9940801852848136
382,3.8200000000000003,2.946861752186062
383,3.83,2.714481157398069
384,3.84,2.3115397283273857
385,3.85,1.7633557568774114
386,3.86,1.1043736580540682
387,3.87,0.37599970069291133
388,3.88,-0.3759997006929099
389,3.89,-1.1043736580540273
390,3.9,-1.76335575687741
391,3.91,-2.3115397283273578
392,3.92,-2.7144811573980503
393,3.93,-2.9468617521860696
394,3.94,-2.9940801852848162
395,3.95,-2.8531695488854574
396,3.96,-2.5329837765060423
397,3.97,-2.0536413177860653
398,3.98,-1.4452610223051487
399,3.99,-0.7460696614945717
400,4.0,-1.175660927181459e-14
401,4.01,0.7460696614945488
402,4.0200000000000005,1.4452610223051652
403,4.03,2.053641317786079
404,4.04,2.53298377650603
405,4.05,2.8531695488854507
406,4.0600000000000005,2.994080185284815
407,4.07,2.9468617521860656
408,4.08,2.71448115739806
409,4.09,2.311539728327373
410,4.1,1.7633557568774636
411,4.11,1.1043736580540093
412,4.12,0.3759997006929332
413,4.13,-0.375999700692888
414,4.14,-1.1043736580540067
415,4.15,-1.7633557568774267
416,4.16,-2.3115397283273706
417,4.17,-2.7144811573980587
418,4.18,-2.9468617521860576
419,4.19,-2.9940801852848127
420,4.2,-2.8531695488854645
421,4.21,-2.5329837765060543
422,4.22,-2.0536413177860813
423,4.23,-1.4452610223051305
424,4.24,-0.7460696614945517
425,4.25,8.824884721500003e-15
426,4.26,0.7460696614945275
427,4.2700000000000005,1.4452610223051834
428,4.28,2.053641317786063
429,4.29,2.532983776506041
430,4.3,2.853169548885457
431,4.3100000000000005,2.9940801852848162
432,4.32,2.946861752186062
433,4.33,2.7144811573980694
434,4.34,2.3115397283273866
435,4.3500000000000005,1.7633557568774125
436,4.36,1.10437365805403
437,4.37,0.3759997006929128
438,4.38,-0.37599970069290845
439,4.39,-1.1043736580539862
440,4.4,-1.7633557568774434
441,4.41,-2.311539728327357
442,4.42,-2.7144811573980494
443,4.43,-2.946861752186061
444,4.44,-2.994080185284814
445,4.45,-2.8531695488854583
446,4.46,-2.5329837765060432
447,4.47,-2.0536413177860977
448,4.48,-1.4452610223051126
449,4.49,-0.746069661494573
450,4.5,-1.3226185430791415e-14
451,4.51,0.7460696614945475
452,4.5200000000000005,1.445261022305164
453,4.53,2.053641317786078
454,4.54,2.532983776506029
455,4.55,2.85316954888545
456,4.5600000000000005,2.994080185284815
457,4.57,2.946861752186066
458,4.58,2.714481157398061
459,4.59,2.3115397283273738
460,4.6000000000000005,1.7633557568773957
461,4.61,1.1043736580540107
462,4.62,0.37599970069293465
463,4.63,-0.3759997006928866
464,4.64,-1.1043736580540053
465,4.65,-1.7633557568774254
466,4.66,-2.3115397283273698
467,4.67,-2.7144811573980583
468,4.68,-2.946861752186057
469,4.69,-2.9940801852848127
470,4.7,-2.853169548885465
471,4.71,-2.5329837765060548
472,4.72,-2.053641317786082
473,4.73,-1.4452610223051319
474,4.74,-0.746069661494553
475,4.75,-3.527725558308283e-14
476,4.76,0.746069661494526
477,4.7700000000000005,1.445261022305182
478,4.78,2.0536413177860617
479,4.79,2.5329837765060397
480,4.8,2.8531695488854565
481,4.8100000000000005,2.9940801852848162
482,4.82,2.946861752186062
483,4.83,2.71448115739807
484,4.84,2.3115397283273875
485,4.8500000000000005,1.7633557568774139
486,4.86,1.1043736580540313
487,4.87,0.3759997006929143
488,4.88,-0.37599970069290695
489,4.89,-1.104373658053985
490,4.9,-1.763355756877442
491,4.91,-2.3115397283273555
492,4.92,-2.7144811573980485
493,4.93,-2.9468617521860607
494,4.94,-2.994080185284814
495,4.95,-2.8531695488854587
496,4.96,-2.532983776506044
497,4.97,-2.0536413177860986
498,4.98,-1.4452610223051139
499,4.99,-0.7460696614945744
500,5.0,-1.469576158976824e-14
501,5.01,0.746069661494546
502,5.0200000000000005,1.4452610223051627
503,5.03,2.053641317786077
504,5.04,2.532983776506028
505,5.05,2.8531695488854494
506,5.0600000000000005,2.9940801852848145
507,5.07,2.9468617521860665
508,5.08,2.7144811573980614
509,5.09,2.311539728327374
510,5.1000000000000005,1.763355756877397
511,5.11,1.1043736580540517
512,5.12,0.3759997006928938
513,5.13,-0.375999700692885
514,5.14,-1.1043736580539643
515,5.15,-1.7633557568774587
516,5.16,-2.311539728327369
517,5.17,-2.7144811573980396
518,5.18,-2.9468617521860647
519,5.19,-2.9940801852848127
520,5.2,-2.8531695488854654
521,5.21,-2.532983776506033
522,5.22,-2.0536413177860835
523,5.23,-1.4452610223051332
524,5.24,-0.7460696614945957
525,5.25,5.885732403546356e-15
526,5.26,0.7460696614945246
527,5.2700000000000005,1.4452610223051434
528,5.28,2.053641317786092
529,5.29,2.5329837765060392
530,5.3,2.8531695488854427
531,5.3100000000000005,2.9940801852848136
532,5.32,2.9468617521860625
533,5.33,2.7144811573980707
534,5.34,2.3115397283273613
535,5.3500000000000005,1.7633557568773806
536,5.36,1.1043736580540326
537,5.37,0.37599970069295796
538,5.38,-0.37599970069290556
539,5.39,-1.1043736580539836
540,5.4,-1.7633557568774063
541,5.41,-2.311539728327382
542,5.42,-2.714481157398048
543,5.43,-2.9468617521860523
544,5.44,-2.9940801852848113
545,5.45,-2.853169548885459
546,5.46,-2.5329837765060677
547,5.47,-2.0536413177860684
548,5.48,-1.4452610223051152
549,5.49,-0.7460696614945759
550,5.5,-5.879790189435108e-14
551,5.51,0.7460696614945446
552,5.5200000000000005,1.4452610223051614
553,5.53,2.053641317786045
554,5.54,2.5329837765060503
555,5.55,2.853169548885449
556,5.5600000000000005,2.9940801852848145
557,5.57,2.946861752186059
558,5.58,2.714481157398062
559,5.59,2.3115397283274026
560,5.6000000000000005,1.7633557568774327
561,5.61,1.1043736580540136
562,5.62,0.3759997006929376
563,5.63,-0.37599970069292593
564,5.64,-1.1043736580540027
565,5.65,-1.7633557568774232
566,5.66,-2.311539728327341
567,5.67,-2.714481157398057
568,5.68,-2.9468617521860567
569,5.69,-2.9940801852848153
570,5.7,-2.8531695488854525
571,5.71,-2.5329837765060566
572,5.72,-2.0536413177861155
573,5.73,-1.445261022305097
574,5.74,-0.7460696614945559
575,5.75,-3.821640790103648e-14
576,5.76,0.7460696614945644
577,5.7700000000000005,1.4452610223051794
578,5.78,2.05364131778606
579,5.79,2.5329837765060157
580,5.8,2.8531695488854556
581,5.8100000000000005,2.9940801852848162
582,5.82,2.946861752186071
583,5.83,2.714481157398053
584,5.84,2.3115397283273893
585,5.8500000000000005,1.763355756877416
586,5.86,1.1043736580539945
587,5.87,0.3759997006929172
588,5.88,-0.3759997006928617
589,5.89,-1.1043736580540218
590,5.9,-1.7633557568774396
591,5.91,-2.3115397283273538
592,5.92,-2.714481157398066
593,5.93,-2.9468617521860603
594,5.94,-2.994080185284814
595,5.95,-2.8531695488854725
596,5.96,-2.5329837765060454
597,5.97,-2.0536413177861004
598,5.98,-1.4452610223051539
599,5.99,-0.746069661494536
600,6.0,-1.7634913907721887e-14
601,6.01,0.7460696614945018
602,6.0200000000000005,1.4452610223051976
603,6.03,2.0536413177860746
604,6.04,2.5329837765060264
605,6.05,2.853169548885462
606,6.0600000000000005,2.994080185284817
607,6.07,2.946861752186067
608,6.08,2.7144811573980805
609,6.09,2.3115397283273764
610,6.1000000000000005,1.7633557568773994
611,6.11,1.1043736580540546
612,6.12,0.3759997006928967
613,6.13,-0.37599970069288213
614,6.140000000000001,-1.1043736580540409
615,6.15,-1.7633557568774565
616,6.16,-2.311539728327367
617,6.17,-2.714481157398038
618,6.18,-2.9468617521860643
619,6.19,-2.994080185284813
620,6.2,-2.8531695488854663
621,6.21,-2.5329837765060343
622,6.22,-2.0536413177860853
623,6.23,-1.4452610223051356
624,6.24,-0.7460696614945986
625,6.25,2.946580085592708e-15
626,6.26,0.7460696614945217
627,6.2700000000000005,1.4452610223051408
628,6.28,2.0536413177860897
629,6.29,2.5329837765060375
630,6.3,2.853169548885442
631,6.3100000000000005,2.9940801852848136
632,6.32,2.946861752186063
633,6.33,2.714481157398072
634,6.34,2.311539728327363
635,6.3500000000000005,1.7633557568773828
636,6.36,1.1043736580540355
637,6.37,0.3759997006929609
638,6.38,-0.3759997006929026
639,6.390000000000001,-1.10437365805406
640,6.4,-1.763355756877404
641,6.41,-2.31153972832738
642,6.42,-2.714481157398047
643,6.43,-2.9468617521860523
644,6.44,-2.994080185284812
645,6.45,-2.85316954888546
646,6.46,-2.532983776506069
647,6.47,-2.0536413177860706
648,6.48,-1.4452610223051177
649,6.49,-0.7460696614945788
650,6.5,2.35280740789073e-14
651,6.51,0.7460696614945417
652,6.5200000000000005,1.445261022305159
653,6.53,2.0536413177860426
654,6.54,2.5329837765060486
655,6.55,2.8531695488854485
656,6.5600000000000005,2.9940801852848145
657,6.57,2.9468617521860594
658,6.58,2.714481157398063
659,6.59,2.3115397283274044
660,6.6000000000000005,1.7633557568774352
661,6.61,1.1043736580540162
662,6.62,0.37599970069294053
663,6.63,-0.375999700692923
664,6.640000000000001,-1.1043736580540793
665,6.65,-1.7633557568774207
666,6.66,-2.3115397283273387
667,6.67,-2.7144811573980556
668,6.68,-2.946861752186056
669,6.69,-2.994080185284816
670,6.7,-2.853169548885454
671,6.71,-2.5329837765060583
672,6.72,-2.0536413177861172
673,6.73,-1.4452610223050997
674,6.74,-0.7460696614945588
675,6.75,-4.1155560218990125e-14
676,6.76,0.7460696614945617
677,6.7700000000000005,1.445261022305177
678,6.78,2.0536413177860577
679,6.79,2.532983776506014
680,6.8,2.8531695488854547
681,6.8100000000000005,2.994080185284816
682,6.82,2.9468617521860714
683,6.83,2.7144811573980543
684,6.84,2.3115397283273915
685,6.8500000000000005,1.7633557568774183
686,6.86,1.1043736580539971
687,6.87,0.3759997006929201
688,6.88,-0.3759997006928588
689,6.890000000000001,-1.1043736580540189
690,6.9,-1.7633557568774374
691,6.91,-2.311539728327352
692,6.92,-2.7144811573980645
693,6.93,-2.94686175218606
694,6.94,-2.9940801852848145
695,6.95,-2.8531695488854734
696,6.96,-2.532983776506047
697,6.97,-2.053641317786103
698,6.98,-1.4452610223051563
699,6.99,-0.7460696614945388
700,7.0,-2.0574066225675533e-14
701,7.01,0.746069661494499
702,7.0200000000000005,1.445261022305195
703,7.03,2.053641317786073
704,7.04,2.532983776506025
705,7.05,2.853169548885461
706,7.0600000000000005,2.994080185284817
707,7.07,2.9468617521860674
708,7.08,2.7144811573980823
709,7.09,2.3115397283273786
710,7.1000000000000005,1.7633557568774019
711,7.11,1.1043736580540573
712,7.12,0.3759997006928997
713,7.13,-0.37599970069287925
714,7.140000000000001,-1.1043736580540382
715,7.15,-1.763355756877454
716,7.16,-2.3115397283273653
717,7.17,-2.714481157398037
718,7.18,-2.946861752186064
719,7.19,-2.994080185284813
720,7.2,-2.853169548885467
721,7.21,-2.532983776506036
722,7.22,-2.0536413177860875
723,7.23,-1.4452610223051383
724,7.24,-0.7460696614946015
725,7.25,7.427767639060292e-18
726,7.26,0.7460696614945189
727,7.2700000000000005,1.4452610223051383
728,7.28,2.0536413177860875
729,7.29,2.532983776506036
730,7.3,2.853169548885441
731,7.3100000000000005,2.994080185284813
732,7.32,2.946861752186064
733,7.33,2.7144811573980734
734,7.34,2.3115397283273653
735,7.3500000000000005,1.763355756877385
736,7.36,1.1043736580540382
737,7.37,0.37599970069296385
738,7.38,-0.3759997006928997
739,7.390000000000001,-1.1043736580540573
740,7.4,-1.7633557568774019
741,7.41,-2.3115397283273786
742,7.42,-2.714481157398046
743,7.43,-2.9468617521860514
744,7.44,-2.994080185284812
745,7.45,-2.853169548885461
746,7.46,-2.5329837765060708
747,7.47,-2.053641317786073
748,7.48,-1.4452610223051203
749,7.49,-0.7460696614945815
750,7.5,-6.467620653025836e-14
751,7.51,0.7460696614945388
752,7.5200000000000005,1.4452610223051563
753,7.53,2.0536413177860404
754,7.54,2.5329837765060472
755,7.55,2.853169548885447
756,7.5600000000000005,2.9940801852848145
757,7.57,2.94686175218606
758,7.58,2.7144811573980645
759,7.59,2.311539728327406
760,7.6000000000000005,1.7633557568774374
761,7.61,1.1043736580540189
762,7.62,0.3759997006929434
763,7.63,-0.3759997006929201
764,7.640000000000001,-1.1043736580540764
765,7.65,-1.7633557568774183
766,7.66,-2.311539728327337
767,7.67,-2.7144811573980543
768,7.68,-2.9468617521860554
769,7.69,-2.994080185284816
770,7.7,-2.8531695488854547
771,7.71,-2.5329837765060597
772,7.72,-2.05364131778612
773,7.73,-1.4452610223051021
774,7.74,-0.7460696614945617
775,7.75,-4.409471253694377e-14
776,7.76,0.7460696614945588
777,7.7700000000000005,1.4452610223051745
778,7.78,2.0536413177860555
779,7.79,2.532983776506012
780,7.8,2.853169548885454
781,7.8100000000000005,2.994080185284816
782,7.82,2.946861752186072
783,7.83,2.7144811573980556
784,7.84,2.3115397283273933
785,7.8500000000000005,1.7633557568774207
786,7.86,1.1043736580539998
787,7.87,0.375999700692923
788,7.88,-0.37599970069285593
789,7.890000000000001,-1.1043736580540162
790,7.9,-1.7633557568774352
791,7.91,-2.31153972832735
792,7.92,-2.714481157398063
793,7.930000000000001,-2.9468617521860754
794,7.94,-2.9940801852848145
795,7.95,-2.8531695488854747
796,7.96,-2.5329837765060486
797,7.97,-2.053641317786105
798,7.98,-1.445261022305159
799,7.99,-0.7460696614945417
800,8.0,-2.351321854362918e-14
801,8.01,0.7460696614944962
802,8.02,1.4452610223051177
803,8.03,2.053641317786008
804,8.040000000000001,2.532983776506069
805,8.05,2.85316954888546
806,8.06,2.994080185284817
807,8.07,2.9468617521860683
808,8.08,2.714481157398083
809,8.09,2.31153972832738
810,8.1,1.763355756877473
811,8.11,1.10437365805406
812,8.120000000000001,0.3759997006929026
813,8.13,-0.3759997006929609
814,8.14,-1.1043736580540355
815,8.15,-1.7633557568774516
816,8.16,-2.311539728327363
817,8.17,-2.7144811573980356
818,8.18,-2.946861752186063
819,8.19,-2.994080185284819
820,8.2,-2.8531695488854947
821,8.21,-2.5329837765060375
822,8.22,-2.0536413177860275
823,8.23,-1.4452610223051408
824,8.24,-0.7460696614946043
825,8.25,-2.9317245503145877e-15
826,8.26,0.7460696614945161
827,8.27,1.445261022305061
828,8.28,2.0536413177860235
829,8.290000000000001,2.53298377650608
830,8.3,2.8531695488854663
831,8.31,2.994080185284813
832,8.32,2.9468617521860643
833,8.33,2.7144811573980743
834,8.34,2.311539728327367
835,8.35,1.7633557568774565
836,8.36,1.1043736580541201
837,8.370000000000001,0.37599970069288213
838,8.38,-0.3759997006929814
839,8.39,-1.1043736580540546
840,8.4,-1.7633557568773994
841,8.41,-2.3115397283273764
842,8.42,-2.7144811573980445
843,8.43,-2.9468617521860514
844,8.44,-2.994080185284817
845,8.45,-2.8531695488854885
846,8.46,-2.5329837765060264
847,8.47,-2.0536413177860746
848,8.48,-1.4452610223051228
849,8.49,-0.7460696614945843
850,8.5,1.7649769443000006e-14
851,8.51,0.746069661494536
852,8.52,1.445261022305079
853,8.53,2.053641317786038
854,8.540000000000001,2.532983776506091
855,8.55,2.8531695488854725
856,8.56,2.9940801852848145
857,8.57,2.9468617521860603
858,8.58,2.714481157398066
859,8.59,2.311539728327408
860,8.6,1.7633557568774396
861,8.61,1.104373658054101
862,8.620000000000001,0.3759997006928617
863,8.63,-0.3759997006929172
864,8.64,-1.1043736580540737
865,8.65,-1.763355756877416
866,8.66,-2.311539728327335
867,8.67,-2.714481157398053
868,8.68,-2.946861752186055
869,8.69,-2.9940801852848162
870,8.700000000000001,-2.8531695488854556
871,8.71,-2.5329837765060157
872,8.72,-2.05364131778606
873,8.73,-1.4452610223051048
874,8.74,-0.7460696614945644
875,8.75,-4.7033864854897425e-14
876,8.76,0.746069661494556
877,8.77,1.445261022305097
878,8.78,2.053641317785991
879,8.790000000000001,2.5329837765060566
880,8.8,2.8531695488854787
881,8.81,2.9940801852848153
882,8.82,2.9468617521860727
883,8.83,2.714481157398057
884,8.84,2.311539728327395
885,8.85,1.763355756877492
886,8.86,1.104373658054082
887,8.870000000000001,0.37599970069284133
888,8.88,-0.3759997006929376
889,8.89,-1.1043736580540136
890,8.9,-1.7633557568774327
891,8.91,-2.3115397283273484
892,8.92,-2.714481157398062
893,8.93,-2.946861752186059
894,8.94,-2.99408018528482
895,8.950000000000001,-2.853169548885449
896,8.96,-2.5329837765060046
897,8.97,-2.053641317786045
898,8.98,-1.4452610223051614
899,8.99,-0.7460696614945446
900,9.0,-2.645237086158283e-14
901,9.01,0.7460696614944933
902,9.02,1.4452610223051152
903,9.03,2.0536413177860062
904,9.040000000000001,2.5329837765060677
905,9.05,2.853169548885459
906,9.06,2.9940801852848167
907,9.07,2.9468617521860683
908,9.08,2.7144811573980845
909,9.09,2.311539728327382
910,9.1,1.7633557568774754
911,9.11,1.1043736580540626
912,9.120000000000001,0.37599970069290556
913,9.13,-0.37599970069295796
914,9.14,-1.1043736580540329
915,9.15,-1.7633557568774494
916,9.16,-2.3115397283273613
917,9.17,-2.7144811573980343
918,9.18,-2.9468617521860625
919,9.19,-2.994080185284819
920,9.200000000000001,-2.8531695488854427
921,9.21,-2.5329837765060392
922,9.22,-2.0536413177860298
923,9.23,-1.4452610223051434
924,9.24,-0.7460696614946072
925,9.25,-5.870876868268235e-15
926,9.26,0.7460696614945133
927,9.27,1.4452610223050584
928,9.28,2.0536413177860213
929,9.290000000000001,2.5329837765060788
930,9.3,2.8531695488854654
931,9.31,2.9940801852848127
932,9.32,2.9468617521860647
933,9.33,2.7144811573980756
934,9.34,2.311539728327369
935,9.35,1.7633557568774587
936,9.36,1.1043736580541228
937,9.370000000000001,0.375999700692885
938,9.38,-0.3759997006929785
939,9.39,-1.1043736580540517
940,9.4,-1.763355756877397
941,9.41,-2.311539728327374
942,9.42,-2.714481157398043
943,9.43,-2.9468617521860505
944,9.44,-2.994080185284817
945,9.450000000000001,-2.853169548885436
946,9.46,-2.532983776506028
947,9.47,-2.053641317786077
948,9.48,-1.4452610223051252
949,9.49,-0.7460696614945873
950,9.5,-7.055451116616566e-14
951,9.51,0.7460696614945331
952,9.52,1.4452610223050766
953,9.53,2.0536413177860364
954,9.540000000000001,2.5329837765060894
955,9.55,2.853169548885472
956,9.56,2.994080185284814
957,9.57,2.9468617521860607
958,9.58,2.714481157398067
959,9.59,2.31153972832741
960,9.6,1.763355756877442
961,9.61,1.1043736580541037
962,9.620000000000001,0.37599970069286465
963,9.63,-0.3759997006929143
964,9.64,-1.1043736580540708
965,9.65,-1.7633557568774139
966,9.66,-2.3115397283273333
967,9.67,-2.714481157398052
968,9.68,-2.946861752186054
969,9.69,-2.9940801852848162
970,9.700000000000001,-2.8531695488854565
971,9.71,-2.5329837765060175
972,9.72,-2.0536413177860617
973,9.73,-1.4452610223051074
974,9.74,-0.7460696614945673
975,9.75,-4.997301717285107e-14
976,9.76,0.746069661494553
977,9.77,1.4452610223050946
978,9.78,2.0536413177859894
979,9.790000000000001,2.5329837765060548
980,9.8,2.8531695488854782
981,9.81,2.9940801852848153
982,9.82,2.946861752186073
983,9.83,2.7144811573980583
984,9.84,2.3115397283273973
985,9.85,1.7633557568774947
986,9.86,1.1043736580540846
987,9.870000000000001,0.3759997006928443
988,9.88,-0.37599970069293465
989,9.89,-1.1043736580540107
990,9.9,-1.7633557568774303
991,9.91,-2.3115397283273467
992,9.92,-2.714481157398061
993,9.93,-2.946861752186058
994,9.94,-2.9940801852848202
995,9.950000000000001,-2.85316954888545
996,9.96,-2.532983776506006
997,9.97,-2.053641317786047
998,9.98,-1.445261022305164
999,9.99,-0.7460696614945475
1000,10.0,-2.939152317953648e-14
1001,10.01,0.7460696614944904
1002,10.02,1.4452610223051126
1003,10.03,2.0536413177860044
1004,10.040000000000001,2.532983776506066
1005,10.05,2.8531695488854583
1006,10.06,2.9940801852848167
1007,10.07,2.946861752186069
1008,10.08,2.714481157398086
1009,10.09,2.311539728327384
1010,10.1,1.763355756877478
1011,10.11,1.1043736580540653
1012,10.120000000000001,0.37599970069290845
1013,10.13,-0.3759997006929551
1014,10.14,-1.10437365805403
1015,10.15,-1.7633557568774472
1016,10.16,-2.3115397283273595
1017,10.17,-2.714481157398033
1018,10.18,-2.946861752186062
1019,10.19,-2.9940801852848136
1020,10.200000000000001,-2.8531695488854436
1021,10.21,-2.532983776505995
1022,10.22,-2.053641317786094
1023,10.23,-1.445261022305146
1024,10.24,-0.7460696614945275
1025,10.25,-9.40751574774339e-14
1026,10.26,0.7460696614945104
1027,10.27,1.4452610223051305
1028,10.28,2.053641317785957
1029,10.290000000000001,2.532983776506077
1030,10.3,2.853169548885491
1031,10.31,2.9940801852848127
1032,10.32,2.9468617521860656
1033,10.33,2.7144811573980405
1034,10.34,2.311539728327425
1035,10.35,1.7633557568774614
1036,10.36,1.1043736580540464
1037,10.370000000000001,0.37599970069288796
1038,10.38,-0.37599970069297556
1039,10.39,-1.1043736580539698
1040,10.4,-1.7633557568773948
1041,10.41,-2.311539728327373
1042,10.42,-2.714481157398078
1043,10.43,-2.9468617521860496
1044,10.44,-2.9940801852848176
1045,10.450000000000001,-2.8531695488854636
1046,10.46,-2.53298377650603
1047,10.47,-2.053641317786017
1048,10.48,-1.4452610223052027
1049,10.49,-0.7460696614945901
1050,10.5,1.1771464807092711e-14
1051,10.51,0.7460696614944478
1052,10.52,1.445261022305074
1053,10.53,2.053641317786034
1054,10.540000000000001,2.5329837765060423
1055,10.55,2.8531695488854707
1056,10.56,2.994080185284819
1057,10.57,2.9468617521860776
1058,10.58,2.714481157398068
1059,10.59,2.3115397283273578
1060,10.6,1.7633557568775138
1061,10.61,1.1043736580541066
1062,10.620000000000001,0.3759997006929522
1063,10.63,-0.37599970069291133
1064,10.64,-1.1043736580540682
1065,10.65,-1.7633557568774805
1066,10.66,-2.3115397283273316
1067,10.67,-2.7144811573980507
1068,10.68,-2.94686175218607
1069,10.69,-2.9940801852848216
1070,10.700000000000001,-2.8531695488854307
1071,10.71,-2.5329837765060645
1072,10.72,-2.053641317786064
1073,10.73,-1.44526102230511
1074,10.74,-0.7460696614946527
1075,10.75,-5.2912169490804724e-14
1076,10.76,0.7460696614945502
1077,10.77,1.4452610223050173
1078,10.78,2.0536413177859867
1079,10.790000000000001,2.532983776506099
1080,10.8,2.853169548885451
1081,10.81,2.994080185284815
1082,10.82,2.9468617521860576
1083,10.83,2.7144811573980956
1084,10.84,2.3115397283273986
1085,10.85,1.763355756877428
1086,10.86,1.1043736580541665
1087,10.870000000000001,0.37599970069284716
1088,10.88,-0.37599970069301636
1089,10.89,-1.104373658054008
1090,10.9,-1.763355756877428
1091,10.91,-2.311539728327399
1092,10.92,-2.714481157398023
1093,10.93,-2.9468617521860576
1094,10.94,-2.994080185284815
1095,10.950000000000001,-2.853169548885451
1096,10.96,-2.5329837765060077
1097,10.97,-2.053641317786111
1098,10.98,-1.4452610223051665
1099,10.99,-0.7460696614945502
1100,11.0,-1.1759580378870215e-13
1101,11.01,0.7460696614944876
1102,11.02,1.44526102230511
1103,11.03,2.053641317786064
1104,11.040000000000001,2.5329837765060645
1105,11.05,2.8531695488854836
1106,11.06,2.994080185284811
1107,11.07,2.94686175218607
1108,11.08,2.7144811573980507
1109,11.09,2.31153972832744
1110,11.1,1.7633557568774805
1111,11.11,1.1043736580540682
1112,11.120000000000001,0.37599970069291133
1113,11.13,-0.3759997006929522
1114,11.14,-1.1043736580541066
1115,11.15,-1.7633557568773754
1116,11.16,-2.3115397283273578
1117,11.17,-2.714481157398068
1118,11.18,-2.9468617521860456
1119,11.19,-2.994080185284819
1120,11.200000000000001,-2.8531695488854707
1121,11.21,-2.5329837765060423
1122,11.22,-2.053641317786034
1123,11.23,-1.445261022305074
1124,11.24,-0.7460696614946128
1125,11.25,-1.1749181504175529e-14
1126,11.26,0.7460696614945901
1127,11.27,1.4452610223050533
1128,11.28,2.053641317786017
1129,11.290000000000001,2.53298377650603
1130,11.3,2.8531695488854636
1131,11.31,2.9940801852848176
1132,11.32,2.9468617521860816
1133,11.33,2.714481157398078
1134,11.34,2.311539728327373
1135,11.35,1.7633557568775327
1136,11.36,1.1043736580541283
1137,11.370000000000001,0.3759997006928063
1138,11.38,-0.375999700692888
1139,11.39,-1.1043736580540464
1140,11.4,-1.7633557568774614
1141,11.41,-2.3115397283273165
1142,11.42,-2.7144811573980405
1143,11.43,-2.9468617521860656
1144,11.44,-2.9940801852848233
1145,11.450000000000001,-2.8531695488854383
1146,11.46,-2.5329837765059855
1147,11.47,-2.0536413177860813
1148,11.48,-1.4452610223051305
1149,11.49,-0.7460696614945104
1150,11.5,-7.643281580207296e-14
1151,11.51,0.7460696614945275
1152,11.52,1.445261022305146
1153,11.53,2.05364131778597
1154,11.540000000000001,2.5329837765060867
1155,11.55,2.8531695488854436
1156,11.56,2.9940801852848136
1157,11.57,2.946861752186062
1158,11.58,2.714481157398106
1159,11.59,2.3115397283274137
1160,11.6,1.7633557568774472
1161,11.61,1.10437365805403
1162,11.620000000000001,0.3759997006928705
1163,11.63,-0.37599970069299304
1164,11.64,-1.1043736580539862
1165,11.65,-1.7633557568774088
1166,11.66,-2.311539728327384
1167,11.67,-2.714481157398013
1168,11.68,-2.946861752186053
1169,11.69,-2.9940801852848167
1170,11.700000000000001,-2.8531695488854583
1171,11.71,-2.53298377650602
1172,11.72,-2.0536413177860044
1173,11.73,-1.4452610223051874
1174,11.74,-0.746069661494573
1175,11.75,2.9413806482453654e-14
1176,11.76,0.7460696614944649
1177,11.77,1.4452610223050892
1178,11.78,2.053641317786047
1179,11.790000000000001,2.532983776506052
1180,11.8,2.853169548885476
1181,11.81,2.9940801852848096
1182,11.82,2.946861752186074
1183,11.83,2.714481157398061
1184,11.84,2.3115397283273467
1185,11.85,1.7633557568774993
1186,11.86,1.1043736580540902
1187,11.870000000000001,0.37599970069293465
1188,11.88,-0.3759997006929289
1189,11.89,-1.1043736580540846
1190,11.9,-1.7633557568773566
1191,11.91,-2.3115397283273427
1192,11.92,-2.7144811573980583
1193,11.93,-2.946861752186041
1194,11.94,-2.9940801852848207
1195,11.950000000000001,-2.8531695488854254
1196,11.96,-2.5329837765060548
1197,11.97,-2.053641317786051
1198,11.98,-1.4452610223050946
1199,11.99,-0.7460696614946356
1200,12.0,-3.5269827815443773e-14
1201,12.01,0.7460696614945673
1202,12.02,1.4452610223050328
1203,12.030000000000001,2.0536413177861244
1204,12.040000000000001,2.5329837765061085
1205,12.05,2.8531695488854565
1206,12.06,2.9940801852848162
1207,12.07,2.946861752186054
1208,12.08,2.7144811573980885
1209,12.09,2.3115397283273875
1210,12.1,1.7633557568774139
1211,12.11,1.10437365805415
1212,12.120000000000001,0.3759997006928297
1213,12.13,-0.37599970069286465
1214,12.14,-1.1043736580540244
1215,12.15,-1.763355756877442
1216,12.16,-2.3115397283273014
1217,12.17,-2.7144811573980308
1218,12.18,-2.9468617521860607
1219,12.19,-2.994080185284814
1220,12.200000000000001,-2.853169548885446
1221,12.21,-2.5329837765059984
1222,12.22,-2.0536413177860986
1223,12.23,-1.4452610223051512
1224,12.24,-0.7460696614945331
1225,12.25,-9.99534621133412e-14
1226,12.26,0.7460696614945047
1227,12.27,1.4452610223051254
1228,12.280000000000001,2.053641317786077
1229,12.290000000000001,2.532983776506074
1230,12.3,2.8531695488854893
1231,12.31,2.994080185284812
1232,12.32,2.9468617521860665
1233,12.33,2.714481157398043
1234,12.34,2.311539728327429
1235,12.35,1.763355756877466
1236,12.36,1.1043736580540517
1237,12.370000000000001,0.3759997006928938
1238,12.38,-0.37599970069296973
1239,12.39,-1.1043736580539643
1240,12.4,-1.7633557568773899
1241,12.41,-2.311539728327369
1242,12.42,-2.7144811573980756
1243,12.43,-2.9468617521860487
1244,12.44,-2.994080185284818
1245,12.450000000000001,-2.8531695488854654
1246,12.46,-2.532983776506033
1247,12.47,-2.0536413177860213
1248,12.48,-1.4452610223052078
1249,12.49,-0.7460696614945957
1250,12.5,5.893160171185416e-15
1251,12.51,0.7460696614944421
1252,12.52,1.4452610223050688
1253,12.530000000000001,2.053641317786154
1254,12.540000000000001,2.5329837765060392
1255,12.55,2.853169548885469
1256,12.56,2.994080185284819
1257,12.57,2.9468617521860785
1258,12.58,2.7144811573980707
1259,12.59,2.3115397283273613
1260,12.6,1.7633557568775182
1261,12.61,1.104373658054112
1262,12.620000000000001,0.37599970069295796
1263,12.63,-0.37599970069290556
1264,12.64,-1.1043736580540626
1265,12.65,-1.7633557568774754
1266,12.66,-2.311539728327328
1267,12.67,-2.714481157398048
1268,12.68,-2.9468617521860683
1269,12.69,-2.994080185284822
1270,12.700000000000001,-2.8531695488854325
1271,12.71,-2.5329837765060677
1272,12.72,-2.0536413177860684
1273,12.73,-1.4452610223051152
1274,12.74,-0.7460696614946585
1275,12.75,-5.879047412671201e-14
1276,12.76,0.7460696614945446
1277,12.77,1.445261022305012
1278,12.780000000000001,2.0536413177861066
1279,12.790000000000001,2.5329837765060956
1280,12.8,2.853169548885449
1281,12.81,2.9940801852848145
1282,12.82,2.946861752186059
1283,12.83,2.7144811573980983
1284,12.84,2.3115397283274026
1285,12.85,1.7633557568774327
1286,12.86,1.104373658054172
1287,12.870000000000001,0.375999700692853
1288,12.88,-0.37599970069301053
1289,12.89,-1.1043736580540027
1290,12.9,-1.7633557568774232
1291,12.91,-2.311539728327395
1292,12.92,-2.714481157398021
1293,12.93,-2.9468617521860567
1294,12.94,-2.9940801852848153
1295,12.950000000000001,-2.8531695488854525
1296,12.96,-2.532983776506011
1297,12.97,-2.0536413177861155
1298,12.98,-1.4452610223051718
1299,12.99,-0.7460696614945559
1300,13.0,4.70561481578146e-14
1301,13.01,0.7460696614944818
1302,13.02,1.4452610223051048
1303,13.030000000000001,2.05364131778606
1304,13.040000000000001,2.532983776506061
1305,13.05,2.853169548885482
1306,13.06,2.994080185284811
1307,13.07,2.946861752186071
1308,13.08,2.714481157398053
1309,13.09,2.3115397283274435
1310,13.1,1.763355756877485
1311,13.11,1.1043736580540737
1312,13.120000000000001,0.3759997006929172
1313,13.13,-0.3759997006929463
1314,13.14,-1.104373658054101
1315,13.15,-1.7633557568773708
1316,13.16,-2.3115397283273538
1317,13.17,-2.714481157398066
1318,13.18,-2.9468617521860443
1319,13.19,-2.99408018528482
1320,13.200000000000001,-2.8531695488854725
1321,13.21,-2.5329837765060454
1322,13.22,-2.053641317786038
1323,13.23,-1.445261022305079
1324,13.24,-0.7460696614946186
1325,13.25,-1.7627486140082825e-14
1326,13.26,0.7460696614945844
1327,13.27,1.445261022305048
1328,13.280000000000001,2.053641317786137
1329,13.290000000000001,2.5329837765060264
1330,13.3,2.853169548885462
1331,13.31,2.994080185284817
1332,13.32,2.946861752186083
1333,13.33,2.7144811573980805
1334,13.34,2.3115397283273764
1335,13.35,1.7633557568775373
1336,13.36,1.104373658054134
1337,13.370000000000001,0.3759997006928121
1338,13.38,-0.37599970069288224
1339,13.39,-1.1043736580540409
1340,13.4,-1.7633557568774565
1341,13.41,-2.311539728327313
1342,13.42,-2.714481157398038
1343,13.43,-2.9468617521860643
1344,13.44,-2.994080185284824
1345,13.450000000000001,-2.85316954888544
1346,13.46,-2.532983776505989
1347,13.47,-2.0536413177860853
1348,13.48,-1.4452610223051356
1349,13.49,-0.7460696614945161
1350,13.5,-8.231112043798025e-14
1351,13.51,0.7460696614945217
1352,13.52,1.4452610223051408
1353,13.530000000000001,2.0536413177860897
1354,13.540000000000001,2.532983776506083
1355,13.55,2.853169548885442
1356,13.56,2.9940801852848136
1357,13.57,2.946861752186063
1358,13.58,2.7144811573981085
1359,13.59,2.3115397283274177
1360,13.6,1.7633557568774516
1361,13.61,1.1043736580540355
1362,13.620000000000001,0.3759997006928763
1363,13.63,-0.3759997006929872
1364,13.64,-1.104373658053981
1365,13.65,-1.763355756877404
1366,13.66,-2.31153972832738
1367,13.67,-2.7144811573980108
1368,13.68,-2.9468617521860523
1369,13.69,-2.994080185284817
1370,13.700000000000001,-2.85316954888546
1371,13.71,-2.5329837765060237
1372,13.72,-2.053641317786008
1373,13.73,-1.4452610223051925
1374,13.74,-0.7460696614945788
1375,13.75,2.353550184654636e-14
1376,13.76,0.7460696614944591
1377,13.77,1.4452610223050841
1378,13.780000000000001,2.0536413177860426
1379,13.790000000000001,2.5329837765060486
1380,13.8,2.8531695488854747
1381,13.81,2.994080185284809
1382,13.82,2.9468617521860754
1383,13.83,2.714481157398063
1384,13.84,2.31153972832735
1385,13.85,1.763355756877504
1386,13.86,1.1043736580540955
1387,13.870000000000001,0.37599970069294053
1388,13.88,-0.375999700692923
1389,13.89,-1.1043736580540793
1390,13.9,-1.7633557568773517
1391,13.91,-2.3115397283273387
1392,13.92,-2.7144811573980556
1393,13.93,-2.94686175218604
1394,13.94,-2.994080185284821
1395,13.950000000000001,-2.853169548885427
1396,13.96,-2.5329837765060583
1397,13.97,-2.0536413177860555
1398,13.98,-1.4452610223050997
1399,13.99,-0.7460696614946414
1400,14.0,-4.1148132451351067e-14
1401,14.01,0.7460696614945617
1402,14.02,1.4452610223050275
1403,14.030000000000001,2.05364131778612
1404,14.040000000000001,2.5329837765061054
1405,14.05,2.8531695488854547
1406,14.06,2.994080185284816
1407,14.07,2.9468617521860554
1408,14.08,2.7144811573980907
1409,14.09,2.3115397283273915
1410,14.1,1.7633557568774183
1411,14.11,1.1043736580541557
1412,14.120000000000001,0.3759997006928355
1413,14.13,-0.3759997006928588
1414,14.14,-1.104373658054019
1415,14.15,-1.7633557568774374
1416,14.16,-2.311539728327298
1417,14.17,-2.714481157398028
1418,14.18,-2.94686175218606
1419,14.19,-2.9940801852848145
1420,14.200000000000001,-2.853169548885447
1421,14.21,-2.5329837765060015
1422,14.22,-2.053641317786103
1423,14.23,-1.4452610223051563
1424,14.24,-0.7460696614945388
1425,14.25,-1.0583176674924849e-13
1426,14.26,0.746069661494499
1427,14.27,1.4452610223051203
1428,14.280000000000001,2.053641317786073
1429,14.290000000000001,2.5329837765060708
1430,14.3,2.853169548885487
1431,14.31,2.994080185284812
1432,14.32,2.9468617521860674
1433,14.33,2.714481157398046
1434,14.34,2.311539728327433
1435,14.35,1.7633557568774707
1436,14.36,1.1043736580540573
1437,14.370000000000001,0.3759997006928996
1438,14.38,-0.37599970069296385
1439,14.39,-1.1043736580539587
1440,14.4,-1.763355756877385
1441,14.41,-2.3115397283273653
1442,14.42,-2.7144811573980734
1443,14.43,-2.946861752186048
1444,14.44,-2.9940801852848185
1445,14.450000000000001,-2.853169548885467
1446,14.46,-2.532983776506036
1447,14.47,-2.0536413177860258
1448,14.48,-1.445261022305213
1449,14.49,-0.7460696614946015
1450,14.5,1.4855535278120584e-17
1451,14.51,0.7460696614944363
1452,14.52,1.4452610223050635
1453,14.530000000000001,2.0536413177861497
1454,14.540000000000001,2.532983776506036
1455,14.55,2.853169548885467
1456,14.56,2.9940801852848185
1457,14.57,2.94686175218608
1458,14.58,2.714481157398073
1459,14.59,2.3115397283273653
1460,14.6,1.763355756877523
1461,14.61,1.1043736580541172
1462,14.620000000000001,0.37599970069296385
1463,14.63,-0.3759997006928997
1464,14.64,-1.1043736580540573
1465,14.65,-1.7633557568774707
1466,14.66,-2.3115397283273236
1467,14.67,-2.714481157398046
1468,14.68,-2.9468617521860674
1469,14.69,-2.9940801852848224
1470,14.700000000000001,-2.8531695488854347
1471,14.71,-2.5329837765060708
1472,14.72,-2.0536413177860724
1473,14.73,-1.4452610223051203
1474,14.74,-0.7460696614946641
1475,14.75,-6.46687787626193e-14
1476,14.76,0.7460696614945388
1477,14.77,1.4452610223050069
1478,14.780000000000001,2.053641317786103
1479,14.790000000000001,2.532983776506093
1480,14.8,2.853169548885447
1481,14.81,2.9940801852848145
1482,14.82,2.94686175218606
1483,14.83,2.714481157398101
1484,14.84,2.311539728327406
1485,14.85,1.7633557568774374
1486,14.86,1.1043736580541774
1487,14.870000000000001,0.3759997006928588
1488,14.88,-0.3759997006930047
1489,14.89,-1.1043736580539971
1490,14.9,-1.7633557568774183
1491,14.91,-2.3115397283273915
1492,14.92,-2.7144811573980183
1493,14.93,-2.9468617521860554
1494,14.94,-2.994080185284816
1495,14.950000000000001,-2.8531695488854547
1496,14.96,-2.532983776506014
1497,14.97,-2.05364131778612
1498,14.98,-1.445261022305177
1499,14.99,-0.7460696614945617
1500,15.0,-1.2935241306051673e-13
1501,15.01,0.7460696614944762
1502,15.02,1.4452610223050997
1503,15.030000000000001,2.0536413177860555
1504,15.040000000000001,2.5329837765060583
1505,15.05,2.85316954888548
1506,15.06,2.9940801852848105
1507,15.07,2.946861752186072
1508,15.08,2.7144811573980556
1509,15.09,2.311539728327448
1510,15.1,1.7633557568774898
1511,15.11,1.104373658054079
1512,15.120000000000001,0.375999700692923
1513,15.13,-0.37599970069294053
1514,15.14,-1.1043736580540955
1515,15.15,-1.7633557568773661
1516,15.16,-2.31153972832735
1517,15.17,-2.714481157398063
1518,15.18,-2.9468617521860434
1519,15.19,-2.99408018528482
1520,15.200000000000001,-2.8531695488854747
1521,15.21,-2.5329837765060486
1522,15.22,-2.0536413177860426
1523,15.23,-1.4452610223050841
1524,15.24,-0.7460696614946243
1525,15.25,-2.3505790775990122e-14
1526,15.26,0.7460696614945788
1527,15.27,1.445261022305043
1528,15.280000000000001,2.053641317786133
1529,15.290000000000001,2.5329837765060237
1530,15.3,2.85316954888546
1531,15.31,2.994080185284817
1532,15.32,2.9468617521860843
1533,15.33,2.714481157398083
1534,15.34,2.31153972832738
1535,15.35,1.763355756877542
1536,15.36,1.1043736580541395
1537,15.370000000000001,0.375999700692818
1538,15.38,-0.37599970069287636
1539,15.39,-1.1043736580540355
1540,15.4,-1.7633557568774516
1541,15.41,-2.311539728327309
1542,15.42,-2.7144811573980356
1543,15.43,-2.946861752186063
1544,15.44,-2.9940801852848242
1545,15.450000000000001,-2.853169548885442
1546,15.46,-2.5329837765059917
1547,15.47,-2.0536413177860897
1548,15.48,-1.4452610223051408
1549,15.49,-0.7460696614945217
1550,15.5,-8.818942507388754e-14
1551,15.51,0.7460696614945161
1552,15.52,1.4452610223051356
1553,15.530000000000001,2.0536413177860853
1554,15.540000000000001,2.53298377650608
1555,15.55,2.85316954888544
1556,15.56,2.994080185284813
1557,15.57,2.9468617521860643
1558,15.58,2.7144811573981107
1559,15.59,2.3115397283274213
1560,15.6,1.7633557568774565
1561,15.610000000000001,1.1043736580540409
1562,15.620000000000001,0.37599970069288213
1563,15.63,-0.3759997006929814
1564,15.64,-1.1043736580539754
1565,15.65,-1.7633557568773994
1566,15.66,-2.3115397283273764
1567,15.67,-2.714481157398008
1568,15.68,-2.9468617521860514
1569,15.69,-2.994080185284817
1570,15.700000000000001,-2.853169548885462
1571,15.71,-2.5329837765060264
1572,15.72,-2.0536413177860124
1573,15.73,-1.4452610223051976
1574,15.74,-0.7460696614945843
1575,15.75,1.7657197210639068e-14
1576,15.76,0.7460696614944534
1577,15.77,1.445261022305079
1578,15.780000000000001,2.053641317786038
1579,15.790000000000001,2.5329837765060454
1580,15.8,2.8531695488854725
1581,15.81,2.9940801852848087
1582,15.82,2.9468617521860763
1583,15.83,2.714481157398066
1584,15.84,2.3115397283273538
1585,15.85,1.7633557568775087
1586,15.860000000000001,1.1043736580539425
1587,15.870000000000001,0.3759997006929463
1588,15.88,-0.3759997006929172
1589,15.89,-1.1043736580540737
1590,15.9,-1.7633557568773472
1591,15.91,-2.311539728327335
1592,15.92,-2.714481157398053
1593,15.93,-2.946861752186039
1594,15.94,-2.9940801852848216
1595,15.950000000000001,-2.853169548885429
1596,15.96,-2.532983776506061
1597,15.97,-2.05364131778606
1598,15.98,-1.4452610223051048
1599,15.99,-0.746069661494647
1600,16.0,-4.702643708725836e-14
1601,16.01,0.746069661494556
1602,16.02,1.4452610223050224
1603,16.03,2.0536413177861155
1604,16.04,2.532983776506011
1605,16.05,2.8531695488854525
1606,16.06,2.9940801852848047
1607,16.07,2.9468617521860567
1608,16.080000000000002,2.714481157398021
1609,16.09,2.311539728327395
1610,16.1,1.7633557568774232
1611,16.11,1.1043736580541612
1612,16.12,0.37599970069284133
1613,16.13,-0.375999700692853
1614,16.14,-1.1043736580540136
1615,16.15,-1.7633557568772948
1616,16.16,-2.311539728327294
1617,16.17,-2.7144811573980983
1618,16.18,-2.946861752186059
1619,16.19,-2.9940801852848145
1620,16.2,-2.853169548885502
1621,16.21,-2.5329837765060046
1622,16.22,-2.0536413177861066
1623,16.23,-1.4452610223051614
1624,16.240000000000002,-0.7460696614945446
1625,16.25,-1.1171007138515577e-13
1626,16.26,0.7460696614946585
1627,16.27,1.4452610223051152
1628,16.28,2.0536413177860684
1629,16.29,2.532983776505976
1630,16.3,2.853169548885486
1631,16.31,2.9940801852848007
1632,16.32,2.9468617521860683
1633,16.330000000000002,2.714481157398048
1634,16.34,2.3115397283274364
1635,16.35,1.7633557568773375
1636,16.36,1.1043736580540626
1637,16.37,0.37599970069290545
1638,16.38,-0.3759997006927889
1639,16.39,-1.1043736580539534
1640,16.4,-1.7633557568772424
1641,16.41,-2.3115397283273613
1642,16.42,-2.7144811573980707
1643,16.43,-2.9468617521860465
1644,16.44,-2.9940801852848082
1645,16.45,-2.853169548885469
1646,16.46,-2.5329837765060392
1647,16.47,-2.053641317786154
1648,16.48,-1.445261022305218
1649,16.490000000000002,-0.746069661494442
1650,16.5,-5.863449100629175e-15
1651,16.51,0.7460696614945959
1652,16.52,1.4452610223050584
1653,16.53,2.0536413177861457
1654,16.54,2.5329837765059415
1655,16.55,2.8531695488854654
1656,16.56,2.9940801852848073
1657,16.57,2.9468617521860807
1658,16.580000000000002,2.714481157398003
1659,16.59,2.311539728327369
1660,16.6,1.7633557568773899
1661,16.61,1.1043736580541228
1662,16.62,0.3759997006929696
1663,16.63,-0.3759997006927247
1664,16.64,-1.1043736580540517
1665,16.65,-1.7633557568773282
1666,16.66,-2.31153972832732
1667,16.67,-2.7144811573981156
1668,16.68,-2.9468617521860665
1669,16.69,-2.994080185284812
1670,16.7,-2.853169548885489
1671,16.71,-2.532983776506074
1672,16.72,-2.0536413177862016
1673,16.73,-1.4452610223051252
1674,16.740000000000002,-0.7460696614945047
1675,16.75,-7.05470833985266e-14
1676,16.76,0.7460696614946983
1677,16.77,1.4452610223050018
1678,16.78,2.0536413177860986
1679,16.79,2.5329837765059984
1680,16.8,2.853169548885446
1681,16.81,2.9940801852848034
1682,16.82,2.9468617521860607
1683,16.830000000000002,2.7144811573980308
1684,16.84,2.31153972832741
1685,16.85,1.7633557568773042
1686,16.86,1.104373658054183
1687,16.87,0.37599970069286465
1688,16.88,-0.3759997006928297
1689,16.89,-1.1043736580539916
1690,16.9,-1.7633557568772757
1691,16.91,-2.3115397283273875
1692,16.92,-2.7144811573980885
1693,16.93,-2.946861752186054
1694,16.94,-2.9940801852848162
1695,16.95,-2.853169548885509
1696,16.96,-2.5329837765060175
1697,16.97,-2.0536413177861244
1698,16.98,-1.445261022305182
1699,16.990000000000002,-0.7460696614944021
1700,17.0,3.529953888600001e-14
1701,17.01,0.7460696614946356
1702,17.02,1.4452610223050946
1703,17.03,2.053641317786051
1704,17.04,2.5329837765059637
1705,17.05,2.8531695488854782
1706,17.06,2.99408018528481
1707,17.07,2.946861752186073
1708,17.080000000000002,2.7144811573979855
1709,17.09,2.3115397283274515
1710,17.1,1.7633557568773566
1711,17.11,1.1043736580540846
1712,17.12,0.3759997006929289
1713,17.13,-0.37599970069276545
1714,17.14,-1.1043736580540902
1715,17.150000000000002,-1.7633557568774993
1716,17.16,-2.3115397283273467
1717,17.17,-2.714481157398061
1718,17.18,-2.946861752186042
1719,17.19,-2.9940801852848096
1720,17.2,-2.853169548885476
1721,17.21,-2.532983776506052
1722,17.22,-2.0536413177861714
1723,17.23,-1.4452610223050892
1724,17.240000000000002,-0.7460696614944649
1725,17.25,-2.9384095411897415e-14
1726,17.26,0.746069661494573
1727,17.27,1.445261022305038
1728,17.28,2.0536413177861284
1729,17.29,2.53298377650602
1730,17.3,2.8531695488854583
1731,17.31,2.994080185284806
1732,17.32,2.946861752186085
1733,17.330000000000002,2.714481157398013
1734,17.34,2.311539728327384
1735,17.35,1.7633557568774088
1736,17.36,1.1043736580541448
1737,17.37,0.37599970069282385
1738,17.38,-0.3759997006928705
1739,17.39,-1.10437365805403
1740,17.400000000000002,-1.7633557568774472
1741,17.41,-2.311539728327305
1742,17.42,-2.714481157398106
1743,17.43,-2.946861752186062
1744,17.44,-2.9940801852848136
1745,17.45,-2.8531695488854965
1746,17.46,-2.532983776505995
1747,17.47,-2.0536413177862185
1748,17.48,-1.445261022305146
1749,17.490000000000002,-0.7460696614945275
1750,17.5,-9.406772970979485e-14
1751,17.51,0.7460696614946756
1752,17.52,1.4452610223051305
1753,17.53,2.0536413177860813
1754,17.54,2.5329837765059855
1755,17.55,2.8531695488854383
1756,17.56,2.9940801852848016
1757,17.57,2.9468617521860656
1758,17.580000000000002,2.7144811573980405
1759,17.59,2.311539728327425
1760,17.6,1.7633557568773233
1761,17.61,1.1043736580540464
1762,17.62,0.37599970069288796
1763,17.63,-0.37599970069280636
1764,17.64,-1.1043736580539698
1765,17.650000000000002,-1.7633557568775327
1766,17.66,-2.311539728327373
1767,17.67,-2.714481157398078
1768,17.68,-2.9468617521860496
1769,17.69,-2.994080185284807
1770,17.7,-2.853169548885516
1771,17.71,-2.53298377650603
1772,17.72,-2.0536413177861412
1773,17.73,-1.4452610223052027
1774,17.740000000000002,-0.7460696614944249
1775,17.75,1.1778892574731771e-14
1776,17.76,0.746069661494613
1777,17.77,1.445261022305074
1778,17.78,2.053641317786034
1779,17.79,2.532983776505951
1780,17.8,2.8531695488854707
1781,17.81,2.9940801852848082
1782,17.82,2.9468617521860776
1783,17.830000000000002,2.7144811573979952
1784,17.84,2.3115397283273578
1785,17.85,1.7633557568773754
1786,17.86,1.1043736580541066
1787,17.87,0.3759997006929522
1788,17.88,-0.37599970069274213
1789,17.89,-1.1043736580540682
1790,17.900000000000002,-1.7633557568774805
1791,17.91,-2.3115397283273316
1792,17.92,-2.714481157398123
1793,17.93,-2.946861752186038
1794,17.94,-2.994080185284811
1795,17.95,-2.8531695488854836
1796,17.96,-2.5329837765060645
1797,17.97,-2.0536413177861883
1798,17.98,-1.44526102230511
1799,17.990000000000002,-0.7460696614944875
1800,18.0,-5.290474172316566e-14
1801,18.01,0.7460696614945502
1802,18.02,1.4452610223050173
1803,18.03,2.053641317786111
1804,18.04,2.5329837765060077
1805,18.05,2.853169548885451
1806,18.06,2.9940801852848042
1807,18.07,2.9468617521860576
1808,18.080000000000002,2.714481157398023
1809,18.09,2.3115397283273986
1810,18.1,1.763355756877428
1811,18.11,1.1043736580541665
1812,18.12,0.37599970069284716
1813,18.13,-0.37599970069284716
1814,18.14,-1.104373658054008
1815,18.150000000000002,-1.763355756877566
1816,18.16,-2.3115397283272903
1817,18.17,-2.7144811573980956
1818,18.18,-2.9468617521860576
1819,18.19,-2.994080185284815
1820,18.2,-2.8531695488855036
1821,18.21,-2.5329837765060077
1822,18.22,-2.053641317786111
1823,18.23,-1.4452610223051665
1824,18.240000000000002,-0.7460696614945502
1825,18.25,-1.1758837602106309e-13
1826,18.26,0.7460696614946528
1827,18.27,1.44526102230511
1828,18.28,2.053641317786064
1829,18.29,2.532983776505973
1830,18.3,2.8531695488854836
1831,18.31,2.9940801852848002
1832,18.32,2.94686175218607
1833,18.330000000000002,2.7144811573980507
1834,18.34,2.31153972832744
1835,18.35,1.7633557568773421
1836,18.36,1.1043736580540682
1837,18.37,0.3759997006929113
1838,18.38,-0.37599970069278305
1839,18.39,-1.104373658053948
1840,18.400000000000002,-1.7633557568775138
1841,18.41,-2.3115397283273578
1842,18.42,-2.714481157398068
1843,18.43,-2.9468617521860456
1844,18.44,-2.9940801852848082
1845,18.45,-2.8531695488854707
1846,18.46,-2.5329837765060423
1847,18.47,-2.0536413177861585
1848,18.48,-1.4452610223052234
1849,18.490000000000002,-0.7460696614944478
1850,18.5,-1.174175373653647e-14
1851,18.51,0.7460696614945901
1852,18.52,1.4452610223050533
1853,18.53,2.0536413177861412
1854,18.54,2.5329837765059384
1855,18.55,2.8531695488854636
1856,18.56,2.994080185284807
1857,18.57,2.9468617521860816
1858,18.580000000000002,2.7144811573980054
1859,18.59,2.311539728327373
1860,18.6,1.7633557568773948
1861,18.61,1.1043736580541283
1862,18.62,0.3759997006929755
1863,18.63,-0.3759997006927188
1864,18.64,-1.1043736580540464
1865,18.650000000000002,-1.7633557568774614
1866,18.66,-2.3115397283273165
1867,18.67,-2.7144811573981134
1868,18.68,-2.9468617521860656
1869,18.69,-2.9940801852848127
1870,18.7,-2.853169548885491
1871,18.71,-2.532983776506077
1872,18.72,-2.053641317786205
1873,18.73,-1.4452610223051305
1874,18.740000000000002,-0.7460696614945104
1875,18.75,-7.64253880344339e-14
1876,18.76,0.7460696614946927
1877,18.77,1.4452610223049966
1878,18.78,2.053641317786094
1879,18.79,2.532983776505995
1880,18.8,2.8531695488854436
1881,18.81,2.994080185284803
1882,18.82,2.946861752186062
1883,18.830000000000002,2.714481157398033
1884,18.84,2.3115397283274137
1885,18.85,1.7633557568773088
1886,18.86,1.1043736580541885
1887,18.87,0.3759997006928705
1888,18.88,-0.37599970069282385
1889,18.89,-1.1043736580539862
1890,18.900000000000002,-1.763355756877547
1891,18.91,-2.311539728327384
1892,18.92,-2.714481157398086
1893,18.93,-2.946861752186053
1894,18.94,-2.9940801852848167
1895,18.95,-2.8531695488855107
1896,18.96,-2.53298377650602
1897,18.97,-2.0536413177861284
1898,18.98,-1.4452610223051874
1899,18.990000000000002,-0.7460696614944078
1900,19.0,-1.4110902233233133e-13
1901,19.01,0.74606966149463
1902,19.02,1.4452610223050892
1903,19.03,2.053641317786047
1904,19.04,2.53298377650596
1905,19.05,2.853169548885476
1906,19.06,2.9940801852848096
1907,19.07,2.946861752186074
1908,19.080000000000002,2.714481157397988
1909,19.09,2.311539728327455
1910,19.1,1.7633557568773615
1911,19.11,1.1043736580540902
1912,19.12,0.37599970069293465
1913,19.13,-0.3759997006927597
1914,19.14,-1.1043736580540848
1915,19.150000000000002,-1.7633557568774947
1916,19.16,-2.3115397283273427
1917,19.17,-2.7144811573980583
1918,19.18,-2.946861752186041
1919,19.19,-2.99408018528481
1920,19.2,-2.8531695488854782
1921,19.21,-2.5329837765060548
1922,19.22,-2.0536413177861754
1923,19.23,-1.4452610223050946
1924,19.240000000000002,-0.7460696614944704
1925,19.25,-3.5262400047804715e-14
1926,19.26,0.7460696614945674
1927,19.27,1.4452610223050328
1928,19.28,2.0536413177861244
1929,19.29,2.5329837765060175
1930,19.3,2.8531695488854565
1931,19.31,2.9940801852848056
1932,19.32,2.946861752186086
1933,19.330000000000002,2.7144811573980157
1934,19.34,2.3115397283273875
1935,19.35,1.7633557568774139
1936,19.36,1.10437365805415
1937,19.37,0.3759997006928297
1938,19.38,-0.37599970069286465
1939,19.39,-1.1043736580540244
1940,19.400000000000002,-1.763355756877442
1941,19.41,-2.3115397283273014
1942,19.42,-2.7144811573981036
1943,19.43,-2.9468617521860607
1944,19.44,-2.994080185284814
1945,19.45,-2.8531695488854982
1946,19.46,-2.5329837765059984
1947,19.47,-2.053641317786223
1948,19.48,-1.4452610223051512
1949,19.490000000000002,-0.7460696614945331
1950,19.5,-9.994603434570214e-14
1951,19.51,0.7460696614946699
1952,19.52,1.4452610223051254
1953,19.53,2.053641317786077
1954,19.54,2.532983776505983
1955,19.55,2.853169548885436
1956,19.56,2.994080185284801
1957,19.57,2.9468617521860665
1958,19.580000000000002,2.714481157398043
1959,19.59,2.311539728327429
1960,19.6,1.7633557568773282
1961,19.61,1.1043736580540517
1962,19.62,0.3759997006928938
1963,19.63,-0.37599970069280053
1964,19.64,-1.1043736580539643
1965,19.650000000000002,-1.763355756877528
1966,19.66,-2.311539728327369
1967,19.67,-2.7144811573980756
1968,19.68,-2.9468617521860487
1969,19.69,-2.9940801852848073
1970,19.7,-2.853169548885518
1971,19.71,-2.532983776506033
1972,19.72,-2.0536413177861457
1973,19.73,-1.4452610223052078
1974,19.740000000000002,-0.7460696614944305
1975,19.75,5.900587938824476e-15
1976,19.76,0.7460696614946072
1977,19.77,1.4452610223050688
1978,19.78,2.0536413177860298
1979,19.79,2.532983776505948
1980,19.8,2.853169548885469
1981,19.81,2.9940801852848082
1982,19.82,2.9468617521860785
1983,19.830000000000002,2.714481157397998
1984,19.84,2.3115397283273613
1985,19.85,1.7633557568773806
1986,19.86,1.104373658054112
1987,19.87,0.37599970069295796
1988,19.88,-0.37599970069273636
1989,19.89,-1.1043736580540626
1990,19.900000000000002,-1.7633557568774754
1991,19.91,-2.311539728327328
1992,19.92,-2.7144811573981205
1993,19.93,-2.9468617521860367
1994,19.94,-2.9940801852848113
1995,19.95,-2.853169548885486
1996,19.96,-2.5329837765060677
1997,19.97,-2.0536413177861927
1998,19.98,-1.4452610223051152
1999,19.990000000000002,-0.7460696614944933
