t,y
0.0,1.4042665587631668e-05
0.01,0.006317771443609667
0.02,0.01259114964936262
0.03,0.018893256669124486
0.04,0.025131294920781682
0.05,0.03145021658832771
0.06,0.03772862494160899
0.07,0.044036112357149534
0.08,0.050322214717387334
0.09,0.05657445505338953
0.1,0.0628497992317415
0.11,0.06906401101585734
0.12,0.07540478802455625
0.13,0.08163460293141865
0.14,0.08791877947556057
0.15,0.09414584793287303
0.16,0.10044289841964084
0.17,0.1066193939777602
0.18,0.11293613028019818
0.19,0.11913488761192516
0.2,0.12539038199393426
0.21,0.13157493034091383
0.22,0.13780685773163118
0.23,0.14407379587293895
0.24,0.1502684339832333
0.25,0.15651019835256771
0.26,0.16269847314737154
0.27,0.16888134878738711
0.28,0.17505870678431462
0.29,0.18127858725916937
0.3,0.18740871533664727
0.31,0.19358415937259546
0.32,0.19978264350991962
0.33,0.20590551483249833
0.34,0.2120525063675476
0.35000000000000003,0.2181650215807686
0.36,0.22427082343919882
0.37,0.23040407415445616
0.38,0.23656916184346793
0.39,0.24262617801992203
0.4,0.2487166167272905
0.41000000000000003,0.25485238938171867
0.42,0.26092636566783
0.43,0.2669802329354027
0.44,0.27296398117302934
0.45,0.27907019729418614
0.46,0.2850817419083183
0.47000000000000003,0.29108985147352134
0.48,0.29704172652711675
0.49,0.3030938920049169
0.5,0.3090615728698636
0.51,0.31503871313009607
0.52,0.32095349144958635
0.53,0.3268960553512786
0.54,0.3328734102374718
0.55,0.3387702842556264
0.56,0.3446889903707787
0.5700000000000001,0.3505537536313678
0.58,0.35645063472813676
0.59,0.3622960113048043
0.6,0.3681587593847753
0.61,0.37396391232642906
0.62,0.3798143036715495
0.63,0.3856258404986714
0.64,0.39140328604981206
0.65,0.3972214709690856
0.66,0.40297930142924143
0.67,0.40872242082511556
0.68,0.41437779793314766
0.6900000000000001,0.42015865447909617
0.7000000000000001,0.4258504721418691
0.71,0.4314596635413554
0.72,0.43715536015358214
0.73,0.4428103752242574
0.74,0.4483883923819163
0.75,0.4540085059402011
0.76,0.4595872257622206
0.77,0.46517045830422943
0.78,0.4707099301289082
0.79,0.47628872345650564
0.8,0.4817654185163543
0.81,0.4873248981537921
0.8200000000000001,0.4927888122544297
0.8300000000000001,0.49825359031512423
0.84,0.5036472462960112
0.85,0.5090469045461015
0.86,0.5145003443234012
0.87,0.5198858235473311
0.88,0.5251792514160404
0.89,0.5305114529214175
0.9,0.5358958407933743
0.91,0.5411973059997081
0.92,0.5464393055394049
0.93,0.5516705277092984
0.9400000000000001,0.5569100969430765
0.9500000000000001,0.5621374061041832
0.96,0.5673504239323371
0.97,0.5725150844760185
0.98,0.577578829485728
0.99,0.582692957968165
1.0,0.587800075165655
1.01,0.5928722315264884
1.02,0.597926162090711
1.03,0.6030068350421028
1.04,0.607982062316482
1.05,0.6129123695022518
1.06,0.6179011504667258
1.07,0.6228715489039277
1.08,0.6277487520703087
1.09,0.6326222666450054
1.1,0.637451837457737
1.11,0.6422718959206508
1.12,0.6471071085810025
1.1300000000000001,0.6518396212187256
1.1400000000000001,0.6566496284901714
1.1500000000000001,0.661396930449872
1.16,0.666069535483686
1.17,0.6707648000925773
1.18,0.6753939638915964
1.19,0.6799868821480547
1.2,0.6846307489670095
1.21,0.6891653657197571
1.22,0.6936695057465098
1.23,0.6982173828290709
1.24,0.7026657675383305
1.25,0.7071571819044158
1.26,0.711570730508523
1.27,0.7159482855978132
1.28,0.7203419221554849
1.29,0.7247130300593808
1.3,0.7289907106438736
1.31,0.7332648651532998
1.32,0.7375860090037438
1.33,0.7417493257380544
1.34,0.7459853931034268
1.35,0.7501685440364414
1.36,0.7542535539273199
1.37,0.7584374480041829
1.3800000000000001,0.7625178155508306
1.3900000000000001,0.7665699516903173
1.4000000000000001,0.7705716837360334
1.41,0.7745292013916252
1.42,0.7785061095529504
1.43,0.782423513065235
1.44,0.7863063262194111
1.45,0.790167259918965
1.46,0.7940684396965877
1.47,0.7978416184352988
1.48,0.8016186227650511
1.49,0.8053203943007011
1.5,0.8090694703546361
1.51,0.8127640824888818
1.52,0.8163460498836408
1.53,0.8200177833190248
1.54,0.8235815741637091
1.55,0.8270852678214177
1.56,0.8306544461809721
1.57,0.8341004653011646
1.58,0.8375292923674252
1.59,0.8409607514889522
1.6,0.8443617653513662
1.61,0.8477102011417006
1.62,0.851022611469606
1.6300000000000001,0.8543098406057413
1.6400000000000001,0.8576115348478794
1.6500000000000001,0.860823575567382
1.6600000000000001,0.8639506701560902
1.67,0.8670871186421065
1.68,0.8702379202279058
1.69,0.8732948835318259
1.7,0.8763298774430652
1.71,0.8793962708947147
1.72,0.8823658309029392
1.73,0.8852525631833921
1.74,0.8882101698424865
1.75,0.8910417976356418
1.76,0.8938898290123212
1.77,0.8966607015473207
1.78,0.899442123349227
1.79,0.902150277987473
1.8,0.9048485172496382
1.81,0.9074909221004294
1.82,0.9101639931821544
1.83,0.9127671504890006
1.84,0.9153077450427348
1.85,0.9177744146830776
1.86,0.9202439836226428
1.87,0.9227227944793792
1.8800000000000001,0.9250996055977716
1.8900000000000001,0.9274574055792549
1.9000000000000001,0.9298606191384725
1.9100000000000001,0.9320851695702521
1.92,0.9343450142522285
1.93,0.93662236092414
1.94,0.9387936205846498
1.95,0.9409482799848946
1.96,0.9430702317763237
1.97,0.945128442080024
1.98,0.9471254954463935
1.99,0.9491254044523034
2.0,0.9510585080822173
2.0100000000000002,0.9529797732348009
2.02,0.9549142156450711
2.0300000000000002,0.9567881272230179
2.04,0.9585279977302392
2.05,0.9603132848550173
2.06,0.9620339038956313
2.07,0.9637779592154712
2.08,0.965387264385399
2.09,0.967031149677832
2.1,0.9686665846983232
2.11,0.970147291205291
2.12,0.9716620520419041
2.13,0.9731341015998863
2.14,0.9745344215257128
2.15,0.9759575137711384
2.16,0.9772895362678432
2.17,0.9786203185387865
2.18,0.9799092254112904
2.19,0.9811481643015597
2.2,0.9823403795000648
2.21,0.9834984388820607
2.22,0.9846130055536584
2.23,0.9857202828469915
2.24,0.9866946743639388
2.25,0.9877298616946238
2.2600000000000002,0.9887110077399551
2.27,0.9896115760247517
2.2800000000000002,0.9905400341722814
2.29,0.9913454535620995
2.3000000000000003,0.9921574452140107
2.31,0.9929076322618943
2.32,0.9936525178216802
2.33,0.9943714403456547
2.34,0.9949537070634172
2.35,0.995604805043708
2.36,0.9962082606442558
2.37,0.9967125610603383
2.38,0.9972287518616664
2.39,0.9976288888236662
2.4,0.9980864255195746
2.41,0.9984368524003185
2.42,0.9987878159599353
2.43,0.9991077216882621
2.44,0.9993442094982546
2.45,0.9995567724720447
2.46,0.9997551651030636
2.47,0.9998738777068393
2.48,0.9999557225810126
2.49,1.0000282409490908
2.5,1.0000485784867332
2.5100000000000002,1.0000604699527145
2.52,0.9999429767317666
2.5300000000000002,0.9998928158779429
2.54,0.9997598096822836
2.5500000000000003,0.9995179960276197
2.56,0.9992968127475077
2.57,0.9990549978541864
2.58,0.9987372670826116
2.59,0.9984742954292458
2.6,0.9980924155598352
2.61,0.9976692357097375
2.62,0.9972292020305487
2.63,0.996679887067019
2.64,0.9961828245824684
2.65,0.9956043536428575
2.66,0.9950265626713187
2.67,0.9943624592788279
2.68,0.9936358268429049
2.69,0.9929530890177642
2.7,0.9921574615153924
2.71,0.9913786410452393
2.72,0.9905065088693333
2.73,0.9896544683953177
2.74,0.988667353509124
2.75,0.9877266835125615
2.7600000000000002,0.9867287198283949
2.77,0.9856872288441239
2.7800000000000002,0.9845898735123672
2.79,0.9834863219915811
2.8000000000000003,0.9823137141835007
2.81,0.981173750373033
2.82,0.9798886210970298
2.83,0.9786124347024524
2.84,0.9773237052058863
2.85,0.9759472182417507
2.86,0.9745769827479482
2.87,0.973145536663592
2.88,0.9716343207853049
2.89,0.9701821577317735
2.9,0.9686423599171927
2.91,0.9670769999855899
2.92,0.9654238670979519
2.93,0.9637245957800312
2.94,0.9620538342600855
2.95,0.960372892710342
2.96,0.9585844277385674
2.97,0.9567415654922822
2.98,0.9548645952770841
2.99,0.9529824466714303
3.0,0.9510737458737669
3.0100000000000002,0.9491756740232655
3.02,0.947145954190991
3.0300000000000002,0.9451150395378405
3.04,0.9429990696811443
3.0500000000000003,0.9409622432974339
3.06,0.9387704227158081
3.0700000000000003,0.9366293678704419
3.08,0.9343388823742401
3.09,0.9320797026881452
3.1,0.9297997247272382
3.11,0.9274555279056168
3.12,0.9250943618355377
3.13,0.9227224764130374
3.14,0.9203110466274
3.15,0.9178302734387078
3.16,0.9153166317511232
3.17,0.912748017100167
3.18,0.9101282249524354
3.19,0.9075202317053289
3.2,0.9048793495338573
3.21,0.9022108948936762
3.22,0.8994669099198236
3.23,0.8966651601228456
3.24,0.8939021584860495
3.25,0.8910234482214212
3.2600000000000002,0.8881917931029366
3.27,0.8852960372133349
3.2800000000000002,0.8822918757703041
3.29,0.8793730951729511
3.3000000000000003,0.876324722268796
3.31,0.873308670808732
3.3200000000000003,0.8702093866218861
3.33,0.8671220563824461
3.34,0.8639767912073445
3.35,0.8607868372156594
3.36,0.8575972733975167
3.37,0.8542981214520378
3.38,0.8510246627162726
3.39,0.8477582239209814
3.4,0.8443729216527046
3.41,0.8410235139409575
3.42,0.8375494337333897
3.43,0.8341605370513211
3.44,0.8306568343085391
3.45,0.827107111684424
3.46,0.8235390474909798
3.47,0.8199922643978425
3.48,0.8164093671710787
3.49,0.8127186779406346
3.5,0.8090814488902401
3.5100000000000002,0.8053254079080672
3.52,0.8016219572167447
3.5300000000000002,0.7978331706654603
3.54,0.7940192761321893
3.5500000000000003,0.7902108685390963
3.56,0.7863147393359468
3.5700000000000003,0.7823993635949411
3.58,0.7785362067573353
3.59,0.7745067176992537
3.6,0.7705205064921634
3.61,0.7665143356501213
3.62,0.7624846161655331
3.63,0.7583863492006953
3.64,0.7543117156891138
3.65,0.750173852540936
3.66,0.7459819459758903
3.67,0.7417635882495021
3.68,0.7375457371204565
3.69,0.7333060503935062
3.7,0.7289955552736795
3.71,0.7247201983384451
3.72,0.7203635335956057
3.73,0.7159532021134495
3.74,0.7115603429717829
3.75,0.7071185023262414
3.7600000000000002,0.7027130755806471
3.77,0.6982454925284479
3.7800000000000002,0.6936579718627943
3.79,0.6891829975224841
3.8000000000000003,0.6845898391052955
3.81,0.680036126672266
3.8200000000000003,0.6753804291960096
3.83,0.6707499362218604
3.84,0.666026102736243
3.85,0.6613912292362492
3.86,0.6565988024593895
3.87,0.6519120039666176
3.88,0.6470797468068422
3.89,0.6422902634088631
3.9,0.6374588351393257
3.91,0.6325721611913278
3.92,0.6277527640950247
3.93,0.6228588039989507
3.94,0.6178791411652792
3.95,0.6129306971783124
3.96,0.6079368523093667
3.97,0.6029354510235089
3.98,0.597953732601871
3.99,0.5929311874664928
4.0,0.5877891223566611
4.01,0.5827413031732862
4.0200000000000005,0.5776527709494157
4.03,0.5724881826090457
4.04,0.5673165578262338
4.05,0.5621223571786579
4.0600000000000005,0.5569474050205906
4.07,0.5516472989442928
4.08,0.5464483783114109
4.09,0.5411528558616663
4.1,0.5358319944226989
4.11,0.5305482656149731
4.12,0.5251882489022457
4.13,0.5198713747364281
4.14,0.5144728079320651
4.15,0.5090932096108024
4.16,0.5036273374946802
4.17,0.4982106377043464
4.18,0.492793961690271
4.19,0.4873124678028709
4.2,0.4817997485154641
4.21,0.4762398742161458
4.22,0.4707788156814448
4.23,0.465219144870626
4.24,0.45961877643248905
4.25,0.4539988263723785
4.26,0.44844553034276824
4.2700000000000005,0.44279711670849403
4.28,0.43713830024704387
4.29,0.4314871878718094
4.3,0.42579196544665876
4.3100000000000005,0.4201674323160654
4.32,0.4144310951073124
4.33,0.4087276400674966
4.34,0.40295713173713127
4.3500000000000005,0.3971686023582532
4.36,0.3913985664862274
4.37,0.3856467833311005
4.38,0.37981560644696477
4.39,0.37400464753393525
4.4,0.36820110660932764
4.41,0.3623450400592352
4.42,0.35649501023554303
4.43,0.35054660993772235
4.44,0.3447012382839276
4.45,0.3387442951331721
4.46,0.33287199023824354
4.47,0.3269533237516307
4.48,0.32100225485591827
4.49,0.3150127955763654
4.5,0.3090548306918131
4.51,0.3030662584519708
4.5200000000000005,0.29710193156899073
4.53,0.291096677290749
4.54,0.2850617504364687
4.55,0.27903964351310856
4.5600000000000005,0.2729749326371204
4.57,0.26694918401992873
4.58,0.2608415067719442
4.59,0.25484482631369576
4.6000000000000005,0.24870524250588127
4.61,0.24266239822876018
4.62,0.2365540951518031
4.63,0.23046682825802073
4.64,0.22434741498882776
4.65,0.21821239556522132
4.66,0.21208786558213427
4.67,0.20588629767136293
4.68,0.19972800651285136
4.69,0.1935798802110895
4.7,0.18738343416237035
4.71,0.18124921712540126
4.72,0.175093922385806
4.73,0.16891619648502965
4.74,0.16267370167072645
4.75,0.15650625375563887
4.76,0.1502845727596325
4.7700000000000005,0.14404470900494443
4.78,0.1378270497462357
4.79,0.13157038997805076
4.8,0.12538209378874715
4.8100000000000005,0.11917176042384114
4.82,0.11289848769598294
4.83,0.10661466791397416
4.84,0.10040384514812697
4.8500000000000005,0.09411817622919727
4.86,0.08792176005493015
4.87,0.08159839559713938
4.88,0.07537918526914743
4.89,0.0691096598634899
4.9,0.06283645964337056
4.91,0.056599552469901115
4.92,0.050308561782748396
4.93,0.044006724081471056
4.94,0.037760466806456096
4.95,0.031456476467710166
4.96,0.025204878858526274
4.97,0.018861979826422133
4.98,0.012587733994358691
4.99,0.0063318186068088735
5.0,6.853093947966423e-05
5.01,-0.006266364673635947
5.0200000000000005,-0.012550349032671252
5.03,-0.01877256536842794
5.04,-0.025088398566863828
5.05,-0.03136611318867497
5.0600000000000005,-0.037677095807988316
5.07,-0.0439530746340807
5.08,-0.05019933998608744
5.09,-0.056457989319252055
5.1000000000000005,-0.0627328632309262
5.11,-0.06900296838345493
5.12,-0.07524694645260621
5.13,-0.08152196944358972
5.14,-0.08782131204526805
5.15,-0.09407540657497204
5.16,-0.10028875314157996
5.17,-0.10658334220711228
5.18,-0.11277973355660309
5.19,-0.1190369358466983
5.2,-0.1252963649081489
5.21,-0.13156063406453447
5.22,-0.13777748640379542
5.23,-0.14396196595017688
5.24,-0.15015388623898632
5.25,-0.15643323363746814
5.26,-0.1626010768693889
5.2700000000000005,-0.16879402077539662
5.28,-0.17501538257884938
5.29,-0.1811638704454869
5.3,-0.18731625336910193
5.3100000000000005,-0.19353472318258744
5.32,-0.19967429872086004
5.33,-0.2058531630391427
5.34,-0.21197497629505702
5.3500000000000005,-0.2180650202852255
5.36,-0.22418729930012016
5.37,-0.2303335523007998
5.38,-0.23646142476545082
5.39,-0.24258946048110097
5.4,-0.2486391970473602
5.41,-0.2547451409179393
5.42,-0.260772941824909
5.43,-0.26688651305701827
5.44,-0.27293780097790926
5.45,-0.2789855877006705
5.46,-0.284947843131946
5.47,-0.29102470040693984
5.48,-0.2970172412650797
5.49,-0.30297103157335614
5.5,-0.3089841110409152
5.51,-0.3149525487481598
5.5200000000000005,-0.3209171827961685
5.53,-0.3268512721607285
5.54,-0.3328041482469183
5.55,-0.3386891487620217
5.5600000000000005,-0.34461915876696203
5.57,-0.3504811784163464
5.58,-0.35637661662934556
5.59,-0.3622331958313421
5.6000000000000005,-0.3680472780163282
5.61,-0.37392637724603983
5.62,-0.37976061124732824
5.63,-0.38550205018210154
5.64,-0.3912896845562758
5.65,-0.3970871699449606
5.66,-0.40289413767568083
5.67,-0.4086101675901489
5.68,-0.41429604398129627
5.69,-0.42001127416712075
5.7,-0.4257590106691125
5.71,-0.43140279572987517
5.72,-0.4371041086715498
5.73,-0.4426794094454076
5.74,-0.4483809676777141
5.75,-0.4539306140694051
5.76,-0.4595556412012493
5.7700000000000005,-0.46511500888400525
5.78,-0.47068986606809576
5.79,-0.4762279025454576
5.8,-0.48166919434103983
5.8100000000000005,-0.48719690083587663
5.82,-0.4926691968238221
5.83,-0.49812028255647917
5.84,-0.5035511694064042
5.8500000000000005,-0.5089585392338016
5.86,-0.5143687697982018
5.87,-0.5197875436623878
5.88,-0.5251424858231458
5.89,-0.5304521726217579
5.9,-0.535774557812339
5.91,-0.5411056997888506
5.92,-0.5463711611163663
5.93,-0.5515615777603535
5.94,-0.55685449211861
5.95,-0.5620031733071426
5.96,-0.5672437161474896
5.97,-0.5723571668327797
5.98,-0.5775006680033018
5.99,-0.5826215525647732
6.0,-0.5877245269707568
6.01,-0.592839092828183
6.0200000000000005,-0.5978359433185246
6.03,-0.6028859112055237
6.04,-0.6078859090967875
6.05,-0.6129040843836745
6.0600000000000005,-0.6178426110298948
6.07,-0.6227719042543026
6.08,-0.6276868347624981
6.09,-0.6325469761824015
6.1000000000000005,-0.6373604972445657
6.11,-0.6422501211144959
6.12,-0.6470535943204425
6.13,-0.6518033417730333
6.140000000000001,-0.6565386539327297
6.15,-0.6612360317381968
6.16,-0.6659886427006949
6.17,-0.6706153137754493
6.18,-0.6752580139777776
6.19,-0.6798842874560475
6.2,-0.684481370435295
6.21,-0.6891108279849213
6.22,-0.6936028550514505
6.23,-0.698120836464869
6.24,-0.702644536921285
6.25,-0.7070389883236822
6.26,-0.7114817736135882
6.2700000000000005,-0.7158755073290071
6.28,-0.7202712751825603
6.29,-0.7246505490428301
6.3,-0.7289091338316964
6.3100000000000005,-0.7332152995484725
6.32,-0.7374685684451215
6.33,-0.7416770425193352
6.34,-0.7459167225215952
6.3500000000000005,-0.7500812679039082
6.36,-0.7541968120096258
6.37,-0.7582883938205112
6.38,-0.7624141204448883
6.390000000000001,-0.7664289924419041
6.4,-0.7704449047118127
6.41,-0.7745021503219224
6.42,-0.7784404451286973
6.43,-0.7823614767809546
6.44,-0.7862208478049902
6.45,-0.7901549675635987
6.46,-0.7939645890790654
6.47,-0.7977647979266057
6.48,-0.8014945204386336
6.49,-0.8052281766797894
6.5,-0.8090107410874859
6.51,-0.8126385755857313
6.5200000000000005,-0.8162894438854881
6.53,-0.8199179053243315
6.54,-0.8234547877926346
6.55,-0.8270287015813864
6.5600000000000005,-0.8305680003143154
6.57,-0.8340463146337359
6.58,-0.8374450726862672
6.59,-0.8408867179835072
6.6000000000000005,-0.8442971877420796
6.61,-0.84763011085528
6.62,-0.8509516930671229
6.63,-0.854192694498696
6.640000000000001,-0.8574664877722238
6.65,-0.8607063330808623
6.66,-0.8638517056303635
6.67,-0.8669940732417177
6.68,-0.870152518490565
6.69,-0.8732620516487531
6.7,-0.8762393027397687
6.71,-0.8792805028219821
6.72,-0.882266061039319
6.73,-0.8851558534890075
6.74,-0.8880878447200719
6.75,-0.8909876828874784
6.76,-0.8937970835775491
6.7700000000000005,-0.8966096576180085
6.78,-0.8993328624595425
6.79,-0.9020629976134658
6.8,-0.9048212424744471
6.8100000000000005,-0.9074786206386111
6.82,-0.9100419983313537
6.83,-0.9126134321348253
6.84,-0.9151914669204252
6.8500000000000005,-0.9176917935316412
6.86,-0.9202137837571914
6.87,-0.9226541978219038
6.88,-0.9250457222003202
6.890000000000001,-0.9273654365848908
6.9,-0.9297400649570415
6.91,-0.9319949573579245
6.92,-0.9342574782638539
6.93,-0.9364768900690024
6.94,-0.9386941852596837
6.95,-0.9408496312413862
6.96,-0.9429729376835075
6.97,-0.9449830701238296
6.98,-0.9470713057632469
6.99,-0.9490787439764827
7.0,-0.9510492264110877
7.01,-0.9529002748622356
7.0200000000000005,-0.9548225114818286
7.03,-0.9566899829007607
7.04,-0.9584996705942976
7.05,-0.9602286591764196
7.0600000000000005,-0.9619851815855266
7.07,-0.9637078710750377
7.08,-0.9653494433341898
7.09,-0.9669221472238856
7.1000000000000005,-0.9685126037885021
7.11,-0.9701058242033761
7.12,-0.9715793298421763
7.13,-0.9730839200437224
7.140000000000001,-0.9745014786988894
7.15,-0.9758522368635469
7.16,-0.9772226725738503
7.17,-0.9785189256720483
7.18,-0.9797766667646277
7.19,-0.9810454632439106
7.2,-0.9822617947306286
7.21,-0.9833607670930569
7.22,-0.9845633966209895
7.23,-0.9856374359644557
7.24,-0.9866060009610069
7.25,-0.987662511745756
7.26,-0.9886295722672984
7.2700000000000005,-0.9895257192749644
7.28,-0.9904509991170128
7.29,-0.9912510455221747
7.3,-0.9920469104684388
7.3100000000000005,-0.9928601572956404
7.32,-0.9935339554521817
7.33,-0.994291846421995
7.34,-0.9948851369740327
7.3500000000000005,-0.9955032042673353
7.36,-0.9960719222830595
7.37,-0.99661244075583
7.38,-0.9970983045281259
7.390000000000001,-0.9975479758899256
7.4,-0.9979484889188103
7.41,-0.998344035645039
7.42,-0.9987222874623308
7.43,-0.9990277310158427
7.44,-0.9992156488606705
7.45,-0.9994567624967805
7.46,-0.9996576032639485
7.47,-0.9997808418604961
7.48,-0.999837103470191
7.49,-0.9999560346900296
7.5,-0.9999579838185996
7.51,-0.9999162420960294
7.5200000000000005,-0.9998726178426965
7.53,-0.9997890286125422
7.54,-0.999657698222584
7.55,-0.999452765787106
7.5600000000000005,-0.9992377407962933
7.57,-0.9989822593872092
7.58,-0.9987185044168727
7.59,-0.998376291494479
7.6000000000000005,-0.9980263649040875
7.61,-0.9976085206148781
7.62,-0.9970765610242139
7.63,-0.9966255614955921
7.640000000000001,-0.9960654857063788
7.65,-0.9955265367186649
7.66,-0.9949327138968578
7.67,-0.9942581073206858
7.68,-0.9935757220378133
7.69,-0.9928318861432328
7.7,-0.9920879515339844
7.71,-0.9912493387442728
7.72,-0.9904273636075207
7.73,-0.9894927272269937
7.74,-0.9886293423828189
7.75,-0.9876459694864423
7.76,-0.986658262372847
7.7700000000000005,-0.9855599446515749
7.78,-0.9844907146780352
7.79,-0.9834315343630884
7.8,-0.982285037809242
7.8100000000000005,-0.9810724804935845
7.82,-0.9797778280839352
7.83,-0.9785048710764898
7.84,-0.9772096704993055
7.8500000000000005,-0.9758723688495213
7.86,-0.9744594841476836
7.87,-0.9730447849273542
7.88,-0.9715652111822443
7.890000000000001,-0.9700452550204774
7.9,-0.9685412637214165
7.91,-0.9669644914938388
7.92,-0.96531636653156
7.930000000000001,-0.9636736211884098
7.94,-0.9620027957572163
7.95,-0.9602662072110426
7.96,-0.9584609447848804
7.97,-0.9566704470638172
7.98,-0.9548431523228943
7.99,-0.9529010030290254
8.0,-0.9510193933264321
8.01,-0.9490252396859757
8.02,-0.9470162161174824
8.03,-0.9449786815926232
8.040000000000001,-0.9429093102354513
8.05,-0.9408783145601795
8.06,-0.9387191376045168
8.07,-0.9365389196731373
8.08,-0.9343053573274744
8.09,-0.9319915646080483
8.1,-0.9297219553278331
8.11,-0.9274175671828986
8.120000000000001,-0.9250508156117514
8.13,-0.9225904625838353
8.14,-0.9201467773872053
8.15,-0.9177156262840973
8.16,-0.9152047541011786
8.17,-0.9126730332311487
8.18,-0.9100368131649945
8.19,-0.9074624731167588
8.2,-0.9048183806341161
8.21,-0.9021152857175706
8.22,-0.8994005256831613
8.23,-0.896624269544085
8.24,-0.8938116138616109
8.25,-0.8909357042696596
8.26,-0.8881170093153266
8.27,-0.885178241760799
8.28,-0.8822480335696121
8.290000000000001,-0.8793095000018377
8.3,-0.8762750031870966
8.31,-0.8732467186265834
8.32,-0.8701397622484202
8.33,-0.8670248086815446
8.34,-0.8638602687094541
8.35,-0.8606998974365453
8.36,-0.8574480565008696
8.370000000000001,-0.8542127224488376
8.38,-0.8509844548814007
8.39,-0.8476685643952063
8.4,-0.8442691495047389
8.41,-0.840886268557014
8.42,-0.8375262172759714
8.43,-0.834044133629596
8.44,-0.8305824797232381
8.45,-0.8270109085571844
8.46,-0.8235261291374922
8.47,-0.8199325658989869
8.48,-0.8162864473618348
8.49,-0.8126501922641719
8.5,-0.8089582369366952
8.51,-0.8052569436469182
8.52,-0.8015656418450721
8.53,-0.7977535857327
8.540000000000001,-0.7939573313908408
8.55,-0.790092275020056
8.56,-0.7862511014279446
8.57,-0.782368053311358
8.58,-0.7784203326789162
8.59,-0.7744252415667674
8.6,-0.7704880331847286
8.61,-0.7664110537019659
8.620000000000001,-0.7624383868764296
8.63,-0.7582846690048214
8.64,-0.7542253481371027
8.65,-0.7500415978097055
8.66,-0.745937976549486
8.67,-0.7417144847815174
8.68,-0.7374936698758293
8.69,-0.7331991246387888
8.700000000000001,-0.7289271359829398
8.71,-0.7245680386343754
8.72,-0.720254837925424
8.73,-0.7158854073100047
8.74,-0.7115263785439241
8.75,-0.7070744888463185
8.76,-0.7025884232115426
8.77,-0.6981631849548634
8.78,-0.6935863085666971
8.790000000000001,-0.6890783790306171
8.8,-0.6844671172946809
8.81,-0.6798793274240741
8.82,-0.6752749438942001
8.83,-0.6706228334959354
8.84,-0.6659974516755038
8.85,-0.6612707038265391
8.86,-0.656583640491726
8.870000000000001,-0.6517698946062324
8.88,-0.6469910245327095
8.89,-0.6422285980394618
8.9,-0.6373544098518836
8.91,-0.6325411219214888
8.92,-0.6276448937039867
8.93,-0.6227248463300225
8.94,-0.6178172344613376
8.950000000000001,-0.6128800415224157
8.96,-0.6078538343439917
8.97,-0.602911169969675
8.98,-0.5978759779196808
8.99,-0.5928095865507845
9.0,-0.58774741712182
9.01,-0.5826264704608246
9.02,-0.5775509395999224
9.03,-0.5723806546723208
9.040000000000001,-0.5672146239412504
9.05,-0.5620721564182557
9.06,-0.5568086318187186
9.07,-0.5516206963061145
9.08,-0.5463660616801899
9.09,-0.5410375211546506
9.1,-0.5357974358712435
9.11,-0.5304641703342605
9.120000000000001,-0.5251347740532676
9.13,-0.5198154922654324
9.14,-0.5144234241843466
9.15,-0.5090100734162684
9.16,-0.5035509696971473
9.17,-0.49816399913497533
9.18,-0.4927241624343799
9.19,-0.48724860013594684
9.200000000000001,-0.48173065883693417
9.21,-0.47618291274752744
9.22,-0.47067689128669765
9.23,-0.46510647417088063
9.24,-0.4595277413185734
9.25,-0.45391475180357965
9.26,-0.44836686719443763
9.27,-0.44269793379796896
9.28,-0.4370371814056939
9.290000000000001,-0.43140832460869444
9.3,-0.42571413749177184
9.31,-0.4200474449245074
9.32,-0.4143620045396448
9.33,-0.40860995703122827
9.34,-0.4028914131297206
9.35,-0.3970744826451026
9.36,-0.3913619941836572
9.370000000000001,-0.3855359007706
9.38,-0.37977273649465515
9.39,-0.37392514866904797
9.4,-0.36803992087666554
9.41,-0.3622699884014403
9.42,-0.3563364137984301
9.43,-0.35051781718062597
9.44,-0.34458227753084125
9.450000000000001,-0.33865656856284765
9.46,-0.33278890716802395
9.47,-0.3268093134567174
9.48,-0.3208611340951096
9.49,-0.3149556844335279
9.5,-0.30900035835278766
9.51,-0.30303421172459805
9.52,-0.2970131255002014
9.53,-0.29096318185326014
9.540000000000001,-0.28498507306140813
9.55,-0.27898986363711303
9.56,-0.2728916605586832
9.57,-0.2668540153919976
9.58,-0.26080369500648226
9.59,-0.254749997889288
9.6,-0.24863736280193394
9.61,-0.24254530170646732
9.620000000000001,-0.23647065659625952
9.63,-0.2303752885892264
9.64,-0.22419976422705387
9.65,-0.21806274588558408
9.66,-0.21195360325593482
9.67,-0.20585944499930925
9.68,-0.19964032272301602
9.69,-0.19354690280172135
9.700000000000001,-0.1873351344152906
9.71,-0.18116877286389096
9.72,-0.17498109301738446
9.73,-0.168803647276952
9.74,-0.16261851465059224
9.75,-0.1563883478989709
9.76,-0.15021285779037352
9.77,-0.14396723661320646
9.78,-0.13772396211447946
9.790000000000001,-0.13149872856152117
9.8,-0.12526360907523282
9.81,-0.1190205942390773
9.82,-0.11277303091722488
9.83,-0.10655687956491477
9.84,-0.10033923948088112
9.85,-0.0940309734984032
9.86,-0.08778073845133556
9.870000000000001,-0.08151609609726848
9.88,-0.0753170933181221
9.89,-0.06901959885011642
9.9,-0.06271648833811835
9.91,-0.056463896435683836
9.92,-0.050164801417270505
9.93,-0.04396489387380686
9.94,-0.03762760288906593
9.950000000000001,-0.03139018047861918
9.96,-0.02506391608733022
9.97,-0.018817148390705363
9.98,-0.012510770092549644
9.99,-0.006249217213539183
10.0,1.596078323175262e-05
10.01,0.0063482423554143096
10.02,0.01258717187901438
10.03,0.018875050751673134
10.040000000000001,0.02514423243276116
10.05,0.03141761738387447
10.06,0.0377147914922087
10.07,0.044019875918667975
10.08,0.0502616260391059
10.09,0.05654459178495995
10.1,0.06280358930664853
10.11,0.06908386157261637
10.120000000000001,0.07534172352359918
10.13,0.08162074938080559
10.14,0.08787351554068565
10.15,0.09416389872963851
10.16,0.10039756646386767
10.17,0.10668551573318101
10.18,0.11290440065796041
10.19,0.11909806221620728
10.200000000000001,0.12534809499960073
10.21,0.13160295277780693
10.22,0.13781837612487982
10.23,0.14401807675872522
10.24,0.15026611588840888
10.25,0.15647663341261203
10.26,0.1627220075555954
10.27,0.16883587044294013
10.28,0.17508584633911128
10.290000000000001,0.18126930947040004
10.3,0.18740514462245775
10.31,0.1935510689591427
10.32,0.19976789862419164
10.33,0.2059212520573916
10.34,0.21201259087478413
10.35,0.21815997687717278
10.36,0.22429611774643896
10.370000000000001,0.23044170155276078
10.38,0.23651188379621
10.39,0.2426701074775725
10.4,0.24872630625816672
10.41,0.2548054196552939
10.42,0.26085979449504415
10.43,0.2669783936749426
10.44,0.2729785619774293
10.450000000000001,0.2790276273561969
10.46,0.2850276527751187
10.47,0.2910748090707618
10.48,0.2971205358561672
10.49,0.30308749964173964
10.5,0.30905890772441513
10.51,0.3150406169521209
10.52,0.32101551002677975
10.53,0.3269230102306632
10.540000000000001,0.3328770605859674
10.55,0.33880914877470825
10.56,0.34468602945689925
10.57,0.350538062605267
10.58,0.3564243274553403
10.59,0.3622964466708498
10.6,0.36819703761770606
10.61,0.3740278344504996
10.620000000000001,0.37984800175315003
10.63,0.38564985138100655
10.64,0.39141982617354876
10.65,0.3972129574768757
10.66,0.40296083242522557
10.67,0.40869854011218876
10.68,0.41440428754472025
10.69,0.4200961147323701
10.700000000000001,0.4258247615188846
10.71,0.43153885450970586
10.72,0.4371497613265776
10.73,0.44283772778373776
10.74,0.44842812241437724
10.75,0.4540326221303334
10.76,0.45961419644666934
10.77,0.46519680480354947
10.78,0.4707164988580591
10.790000000000001,0.47632125340463566
10.8,0.4818117348513609
10.81,0.487307113704929
10.82,0.4927377857205751
10.83,0.4982676048804899
10.84,0.503659197178042
10.85,0.5090478670281429
10.86,0.5144974204754696
10.870000000000001,0.5198555333346088
10.88,0.5252560330891405
10.89,0.5305350152495427
10.9,0.5358997820487974
10.91,0.5411565541774079
10.92,0.5464372575461907
10.93,0.5516460783483284
10.94,0.5569190216170687
10.950000000000001,0.5620870066936425
10.96,0.5672890985049142
10.97,0.5724370997510972
10.98,0.5776077153907916
10.99,0.5826950274265744
11.0,0.587855808160877
11.01,0.5929224179899805
11.02,0.5979704356924807
11.03,0.6029421494723103
11.040000000000001,0.6079977133399783
11.05,0.612919814421981
11.06,0.6179239061450038
11.07,0.6228287553760927
11.08,0.6276940970457903
11.09,0.6326273646747435
11.1,0.6374980586216819
11.11,0.6423331294957045
11.120000000000001,0.6470637653596978
11.13,0.6518540490783713
11.14,0.6566403475513961
11.15,0.6613796279970864
11.16,0.6660952031265699
11.17,0.6706890253103699
11.18,0.6753818231595412
11.19,0.6800068031293375
11.200000000000001,0.6845549290550822
11.21,0.6891401115715164
11.22,0.6937298741849116
11.23,0.6982145144855082
11.24,0.702724853811731
11.25,0.7071506859308294
11.26,0.7115498611585032
11.27,0.715976429881753
11.28,0.7203470986933669
11.290000000000001,0.7246892992556158
11.3,0.7289781185091907
11.31,0.7332724470948401
11.32,0.7375651855198151
11.33,0.7417967207360858
11.34,0.7460184790760593
11.35,0.7501159940075028
11.36,0.7542731620347078
11.370000000000001,0.758379775971042
11.38,0.7624797713316147
11.39,0.7665147438689652
11.4,0.7705339356086447
11.41,0.7745495219789872
11.42,0.7785219555932352
11.43,0.7824644312406102
11.44,0.7862899048089099
11.450000000000001,0.7902010083309501
11.46,0.7940156426598937
11.47,0.7978630339541455
11.48,0.8016292812293072
11.49,0.805348075790481
11.5,0.8090856671368556
11.51,0.812713423854764
11.52,0.8163956457754671
11.53,0.8199623561946555
11.540000000000001,0.8235611409097999
11.55,0.8270838903947446
11.56,0.8306224794962704
11.57,0.8341451770142321
11.58,0.8375546210459172
11.59,0.8410069389643027
11.6,0.8443669075585151
11.61,0.8476898278427366
11.620000000000001,0.8510293002016723
11.63,0.8542861293401269
11.64,0.857603190075455
11.65,0.8607639188363915
11.66,0.8639781843968458
11.67,0.8671355512517315
11.68,0.8702457407553232
11.69,0.8733080468742456
11.700000000000001,0.8763378802579472
11.71,0.8793671122553968
11.72,0.882333038217613
11.73,0.8852722112820479
11.74,0.8881454194039596
11.75,0.8910777513637631
11.76,0.893894012812003
11.77,0.8966610472340328
11.78,0.8994860844533347
11.790000000000001,0.9022151215548107
11.8,0.9048712804009024
11.81,0.9075355217897976
11.82,0.910113484460272
11.83,0.9127091217945222
11.84,0.915255292530549
11.85,0.9177932163080124
11.86,0.9202494974891942
11.870000000000001,0.9227042573092142
11.88,0.9251067283118175
11.89,0.9274626837346215
11.9,0.929806315461798
11.91,0.9320826379997321
11.92,0.9344080927901309
11.93,0.9366333010187325
11.94,0.9387442112024768
11.950000000000001,0.9409642329139175
11.96,0.943008953139175
11.97,0.945066785472077
11.98,0.9471534385633961
11.99,0.9491540528158114
12.0,0.951139426634629
12.01,0.9529970935219877
12.02,0.9549343470389879
12.030000000000001,0.9567820601104997
12.040000000000001,0.9585831236562289
12.05,0.9603686996576019
12.06,0.9620580150147832
12.07,0.9637598968234463
12.08,0.9654105549005713
12.09,0.9670145755738573
12.1,0.968601729943481
12.11,0.9701972996602792
12.120000000000001,0.9716462069725714
12.13,0.9731010686671331
12.14,0.9745307092105915
12.15,0.9759349855278897
12.16,0.9772682329428316
12.17,0.9786148876518926
12.18,0.9799238485103761
12.19,0.9811007954002826
12.200000000000001,0.9822925835455751
12.21,0.983455439305103
12.22,0.9846106438105016
12.23,0.9857011407754286
12.24,0.9867484072798122
12.25,0.9877012226362838
12.26,0.9886956157478922
12.27,0.9896430346606817
12.280000000000001,0.9904757889902065
12.290000000000001,0.9913301479215969
12.3,0.9921369035922762
12.31,0.9929324225557988
12.32,0.9936662954360879
12.33,0.9943674865927336
12.34,0.9949770497944852
12.35,0.9956200078985217
12.36,0.996211053126699
12.370000000000001,0.9967407744528298
12.38,0.9972003492249585
12.39,0.997664927229735
12.4,0.9980845854955228
12.41,0.9984373284818332
12.42,0.9987527752149813
12.43,0.9991161283309584
12.44,0.9993206898084476
12.450000000000001,0.9995312890516735
12.46,0.9997122362105282
12.47,0.9998493378893494
12.48,0.9999902565381559
12.49,1.000002251918566
12.5,1.000083772984616
12.51,1.0000098453967725
12.52,0.9999706125675256
12.530000000000001,0.9998736971737457
12.540000000000001,0.9997577205234793
12.55,0.9995900343442984
12.56,0.9993239847438466
12.57,0.9990929419823228
12.58,0.998807247833026
12.59,0.9984302871866984
12.6,0.9980390979644598
12.61,0.9976556640218456
12.620000000000001,0.9971968667526033
12.63,0.9966991353249249
12.64,0.996199620882899
12.65,0.9956101703520762
12.66,0.995031715498786
12.67,0.994360009409743
12.68,0.9936649698841648
12.69,0.9929322362239256
12.700000000000001,0.9921254474065507
12.71,0.9913708967037685
12.72,0.9904941276375594
12.73,0.9896363862844274
12.74,0.9887053276920712
12.75,0.9877162647948181
12.76,0.9867281554501144
12.77,0.9856994642737765
12.780000000000001,0.9845993737032825
12.790000000000001,0.9834943291610265
12.8,0.9823309481574618
12.81,0.9811446989005325
12.82,0.9798756087699144
12.83,0.9786459919572215
12.84,0.9773238465452335
12.85,0.9759223237652236
12.86,0.9745854554673824
12.870000000000001,0.9731385838023072
12.88,0.9716611968333001
12.89,0.9701948317332705
12.9,0.9685901313224753
12.91,0.967070421176209
12.92,0.9654179077647805
12.93,0.9637553884396678
12.94,0.9620493568171473
12.950000000000001,0.9602965969194934
12.96,0.9585391111439426
12.97,0.9567466432139451
12.98,0.9549189126454759
12.99,0.9530525664780437
13.0,0.9511141497404118
13.01,0.9491319141127017
13.02,0.9471284748856887
13.030000000000001,0.9451117374232527
13.040000000000001,0.9430472570976295
13.05,0.9408970367896738
13.06,0.9387882586077877
13.07,0.936634218661278
13.08,0.9343645988675986
13.09,0.9321047455527887
13.1,0.9298030196424194
13.11,0.9275235448504142
13.120000000000001,0.9251013971552159
13.13,0.9227101893461457
13.14,0.9202992612935788
13.15,0.9177699841061673
13.16,0.9152556100452143
13.17,0.9127209016469503
13.18,0.9101291724293006
13.19,0.9075538875761487
13.200000000000001,0.9048822327743015
13.21,0.9021754152596434
13.22,0.8994081496406058
13.23,0.8967218628805802
13.24,0.8938970710869668
13.25,0.8910849349075849
13.26,0.8881713439549748
13.27,0.8852482803728572
13.280000000000001,0.8823528424823125
13.290000000000001,0.8793998305793637
13.3,0.8763910329925765
13.31,0.8733381143216715
13.32,0.8702063998406229
13.33,0.8671061216501559
13.34,0.8639940459692743
13.35,0.860805015507458
13.36,0.8575734324581897
13.370000000000001,0.8543028178998581
13.38,0.851046579183064
13.39,0.8476945647929844
13.4,0.8443445958856107
13.41,0.8409505619838251
13.42,0.8375396035711257
13.43,0.8341603230167345
13.44,0.8306810184652922
13.450000000000001,0.8271235870434409
13.46,0.8235973586613776
13.47,0.8199558932147172
13.48,0.8164231747794001
13.49,0.8127099471898666
13.5,0.8090466316156208
13.51,0.8053276677882246
13.52,0.8016164705692915
13.530000000000001,0.7978416475009589
13.540000000000001,0.7940751199015642
13.55,0.7902091328799989
13.56,0.7863542695681169
13.57,0.7824161494059876
13.58,0.7784646055270785
13.59,0.7745655656979877
13.6,0.7705320113868905
13.61,0.766525747105893
13.620000000000001,0.7625207171454368
13.63,0.758372467298371
13.64,0.7542890697864325
13.65,0.7501352697911606
13.66,0.7459616672088369
13.67,0.7417633934132987
13.68,0.737525859398282
13.69,0.7333353201207301
13.700000000000001,0.729048745954537
13.71,0.7246736700479777
13.72,0.7203927534295891
13.73,0.7160000890512318
13.74,0.7115442328580247
13.75,0.7071585072889215
13.76,0.702679051884315
13.77,0.6981802601797096
13.780000000000001,0.6936641224565503
13.790000000000001,0.6891693513374587
13.8,0.6845569334670538
13.81,0.6799653812397156
13.82,0.6753891644275478
13.83,0.6707594476003104
13.84,0.6660128362094466
13.85,0.6613747618474721
13.86,0.6566368917884262
13.870000000000001,0.6518959552768934
13.88,0.6470684707352933
13.89,0.6422651980619962
13.9,0.6374806792771994
13.91,0.6326018086167936
13.92,0.627723404526316
13.93,0.6228694071796544
13.94,0.6178912075825622
13.950000000000001,0.612991538662014
13.96,0.6079633954405885
13.97,0.602932159335059
13.98,0.597970355313436
13.99,0.5928758916989372
14.0,0.5878145428305195
14.01,0.5827208784660051
14.02,0.5776488687025586
14.030000000000001,0.5725014842157957
14.040000000000001,0.5672901942459176
14.05,0.5621282506347693
14.06,0.5569526752245749
14.07,0.5516619423379076
14.08,0.546436203072378
14.09,0.5411610753878036
14.1,0.5358941360163424
14.11,0.530511972151453
14.120000000000001,0.5252520127760946
14.13,0.5198314884005993
14.14,0.5145124894044303
14.15,0.5090586774521467
14.16,0.5036881974802686
14.17,0.4982642307553129
14.18,0.4927599303767387
14.19,0.48731490074166645
14.200000000000001,0.4817838820094806
14.21,0.47629220988290605
14.22,0.4707167819440774
14.23,0.4652335927465024
14.24,0.45960907574090687
14.25,0.45401758475363485
14.26,0.44842506646963076
14.27,0.4428095161371066
14.280000000000001,0.4371718476199981
14.290000000000001,0.43150442335498734
14.3,0.4258008564787626
14.31,0.4201485590266773
14.32,0.4143985713199693
14.33,0.4086908976447009
14.34,0.4029856173383226
14.35,0.3971810086998058
14.36,0.39144852583188405
14.370000000000001,0.38563110861555827
14.38,0.3798509450785113
14.39,0.37399807574170874
14.4,0.3682058901011403
14.41,0.3623225941174564
14.42,0.3564872651896687
14.43,0.3505977393662263
14.44,0.34466106955505205
14.450000000000001,0.3388084857304391
14.46,0.3328310200577952
14.47,0.326928648450555
14.48,0.3209795720056095
14.49,0.3150165336153474
14.5,0.30903724122354886
14.51,0.3030953405147517
14.52,0.29706469568810207
14.530000000000001,0.2910374130470507
14.540000000000001,0.28504220747884573
14.55,0.2790487700702687
14.56,0.2730138494819757
14.57,0.2669233305132789
14.58,0.26084931681557405
14.59,0.2548539148964929
14.6,0.24870218306604241
14.61,0.24267676693061643
14.620000000000001,0.23649974281341937
14.63,0.23041844388134017
14.64,0.2242976608750334
14.65,0.21816509070233397
14.66,0.21204747937710897
14.67,0.2058677731334419
14.68,0.1997456249075349
14.69,0.19356655333308362
14.700000000000001,0.18742062112900423
14.71,0.1812814348317459
14.72,0.1750628267538173
14.73,0.16887411077019987
14.74,0.16267333632547085
14.75,0.15646739444874688
14.76,0.15028545998346657
14.77,0.14407715456429665
14.780000000000001,0.1378750687331231
14.790000000000001,0.1316068889774098
14.8,0.12534562092494922
14.81,0.1191610286717212
14.82,0.11287612349345356
14.83,0.10666391398065779
14.84,0.10043368061712009
14.85,0.09415010256249261
14.86,0.08788125995530924
14.870000000000001,0.08164974222650996
14.88,0.07536741779319134
14.89,0.06909937018878082
14.9,0.06285715885297748
14.91,0.056520472517971494
14.92,0.05030264853039776
14.93,0.04401290924556127
14.94,0.03773803643947613
14.950000000000001,0.03143597865792976
14.96,0.02518523970772492
14.97,0.01888064086902268
14.98,0.012591794359702889
14.99,0.006349260904219243
15.0,3.5709247253432504e-05
15.01,-0.006225761975249505
15.02,-0.012538466753790962
15.030000000000001,-0.01880707841395622
15.040000000000001,-0.025097298860012218
15.05,-0.03136218668377574
15.06,-0.03768254279558309
15.07,-0.04393341530445994
15.08,-0.05016091456238633
15.09,-0.056436876551927855
15.1,-0.06275318124362315
15.11,-0.06904306326451916
15.120000000000001,-0.07527363281243205
15.13,-0.08152519999431854
15.14,-0.08778743383879377
15.15,-0.09407604145731328
15.16,-0.10035829988765722
15.17,-0.10654785081157968
15.18,-0.112788106571288
15.19,-0.11904632174499993
15.200000000000001,-0.12531807418706645
15.21,-0.1315527172628845
15.22,-0.1377712674813744
15.23,-0.14397310667712224
15.24,-0.15022145906321377
15.25,-0.15636546710371535
15.26,-0.1625784401635435
15.27,-0.16875266591227694
15.280000000000001,-0.1749943099274385
15.290000000000001,-0.18116539503055462
15.3,-0.18734112018386165
15.31,-0.19346623287681136
15.32,-0.1997059601587409
15.33,-0.20585731060070012
15.34,-0.21200462105454496
15.35,-0.21808361747010632
15.36,-0.22424282427914113
15.370000000000001,-0.2303694975841113
15.38,-0.23649600607627158
15.39,-0.24255066366973885
15.4,-0.24867233351801263
15.41,-0.25468586695070095
15.42,-0.2607573317073078
15.43,-0.26681676845404934
15.44,-0.27291704971456904
15.450000000000001,-0.2789256101099925
15.46,-0.2849973570614
15.47,-0.2910353146754733
15.48,-0.29698058815447465
15.49,-0.30295500764215205
15.5,-0.30901029688807535
15.51,-0.31498280890934205
15.52,-0.3208624660087734
15.530000000000001,-0.3268161264829439
15.540000000000001,-0.3328072009883717
15.55,-0.3387044195859709
15.56,-0.34460329407694457
15.57,-0.35053288134587646
15.58,-0.3563933003764085
15.59,-0.3622617683346445
15.6,-0.36811809282406754
15.610000000000001,-0.3739349027913239
15.620000000000001,-0.3797389837895962
15.63,-0.38551356419380195
15.64,-0.39134113747646243
15.65,-0.39708424539528725
15.66,-0.4028301362193583
15.67,-0.4086098181354468
15.68,-0.41430252446882465
15.69,-0.4200788655965434
15.700000000000001,-0.42574496844861753
15.71,-0.43144529321117664
15.72,-0.43710893482963853
15.73,-0.4426805706157834
15.74,-0.44836948172279584
15.75,-0.45395617278440403
15.76,-0.45955213991153504
15.77,-0.46510567624253674
15.780000000000001,-0.4706664654753096
15.790000000000001,-0.47619121567197303
15.8,-0.4817374318698383
15.81,-0.48724234481457024
15.82,-0.4926988995640304
15.83,-0.4981384905134934
15.84,-0.5036056366063393
15.85,-0.5089931909210242
15.860000000000001,-0.5144130563795132
15.870000000000001,-0.5197654641001649
15.88,-0.5251128663888577
15.89,-0.5304856329206987
15.9,-0.5357449443155792
15.91,-0.5411000750192105
15.92,-0.5463546865838974
15.93,-0.5516007360757382
15.94,-0.5568671052015123
15.950000000000001,-0.5620364821771876
15.96,-0.5672517541973728
15.97,-0.5724302992067709
15.98,-0.577541637003958
15.99,-0.5826162673083642
16.0,-0.5877697838008876
16.01,-0.592815760278688
16.02,-0.5978585907900066
16.03,-0.6029270341085605
16.04,-0.6078731505055278
16.05,-0.6128819238618549
16.06,-0.6178475227640543
16.07,-0.6227070250521077
16.080000000000002,-0.6276208023606025
16.09,-0.6325687774595837
16.1,-0.6373789437552722
16.11,-0.6421683971921034
16.12,-0.6469784635570246
16.13,-0.6518164511721221
16.14,-0.6565408423383402
16.15,-0.6612604821414122
16.16,-0.6659769769095217
16.17,-0.6706190967803146
16.18,-0.6752952088431539
16.19,-0.6799433336123395
16.2,-0.68450665427872
16.21,-0.689041863438458
16.22,-0.6936468321315841
16.23,-0.6980910611963287
16.240000000000002,-0.7025666117819133
16.25,-0.7070403755708655
16.26,-0.7114970869301309
16.27,-0.7158754619409317
16.28,-0.7202592283207655
16.29,-0.7246235343940524
16.3,-0.7289166055505668
16.31,-0.7332441390925384
16.32,-0.7374287889046747
16.330000000000002,-0.741694684029753
16.34,-0.7458849697220973
16.35,-0.7500965155755097
16.36,-0.754237561995698
16.37,-0.758298538788457
16.38,-0.7624180884940825
16.39,-0.7664652115931465
16.4,-0.7704973139110757
16.41,-0.7744879392513917
16.42,-0.7784237661750182
16.43,-0.7823338901612699
16.44,-0.786209129196465
16.45,-0.7900755544376794
16.46,-0.7939641252064045
16.47,-0.7977817945528113
16.48,-0.8015412921978904
16.490000000000002,-0.8052345668502511
16.5,-0.8089737385172958
16.51,-0.8126115279337812
16.52,-0.8162938407787086
16.53,-0.8198996691481224
16.54,-0.8235058103622248
16.55,-0.8270120781602293
16.56,-0.8305928221898063
16.57,-0.8340599097869468
16.580000000000002,-0.8375009686087792
16.59,-0.8408841618126145
16.6,-0.8442622397583268
16.61,-0.8476769411880276
16.62,-0.8509502473933307
16.63,-0.8542257756905537
16.64,-0.8574955799419718
16.65,-0.8606724346602184
16.66,-0.8638950611832766
16.67,-0.8670525154971596
16.68,-0.8701126656531291
16.69,-0.8731958478704666
16.7,-0.8762938945284622
16.71,-0.8792885355575443
16.72,-0.8822583051308643
16.73,-0.8851584208229963
16.740000000000002,-0.8881176133749934
16.75,-0.8909336304058891
16.76,-0.893778129435448
16.77,-0.8966203910415064
16.78,-0.899345892518876
16.79,-0.9020893501591515
16.8,-0.9048263068871425
16.81,-0.9074393480028732
16.82,-0.9100978915345211
16.830000000000002,-0.9126106898624303
16.84,-0.9151760602491718
16.85,-0.9176875406416691
16.86,-0.9201921936719206
16.87,-0.9226131043544384
16.88,-0.9250208669913338
16.89,-0.9273697865341884
16.9,-0.9297087757818051
16.91,-0.9320021741644858
16.92,-0.9342780855805612
16.93,-0.9364654151852657
16.94,-0.9386609981500095
16.95,-0.9408426606007857
16.96,-0.9429080177131647
16.97,-0.945037572315286
16.98,-0.9470837983910928
16.990000000000002,-0.9490239873851757
17.0,-0.9509975510314074
17.01,-0.9529654670794813
17.02,-0.9548172647638119
17.03,-0.9566381502876963
17.04,-0.958496758760228
17.05,-0.9602164691609655
17.06,-0.9619544823984446
17.07,-0.9636847471033191
17.080000000000002,-0.9653769858517628
17.09,-0.9669975450979589
17.1,-0.9685676028178216
17.11,-0.9700900982404357
17.12,-0.9716157882898036
17.13,-0.9730730165942588
17.14,-0.9744526178406295
17.150000000000002,-0.9758929877520771
17.16,-0.9772549263948718
17.17,-0.9785186940011932
17.18,-0.9798214544554199
17.19,-0.9810742544744978
17.2,-0.9822158193377682
17.21,-0.9834092488741558
17.22,-0.9845461369952028
17.23,-0.9855994571788296
17.240000000000002,-0.986665880124157
17.25,-0.9876220531590474
17.26,-0.9885738128741334
17.27,-0.9895110282315661
17.28,-0.990391016813334
17.29,-0.9912406001054525
17.3,-0.9920873789781177
17.31,-0.9928176566194566
17.32,-0.9935426104514332
17.330000000000002,-0.9942385517522236
17.34,-0.9949471465415982
17.35,-0.9955430519158216
17.36,-0.9960556487316383
17.37,-0.9965873623284559
17.38,-0.9970976895385318
17.39,-0.9975684509051262
17.400000000000002,-0.9979965570022322
17.41,-0.9983536108585073
17.42,-0.998724232940003
17.43,-0.9990314551829588
17.44,-0.9992306028749133
17.45,-0.9994419898404588
17.46,-0.9996124437433656
17.47,-0.999744329275406
17.48,-0.9998823759588816
17.490000000000002,-0.9999422936821055
17.5,-0.9999487051434415
17.51,-0.9998969050194104
17.52,-0.9998697141706081
17.53,-0.9997899958471388
17.54,-0.999670144980364
17.55,-0.9994673680262205
17.56,-0.9992084524599077
17.57,-0.9989775495178947
17.580000000000002,-0.9986791495031008
17.59,-0.998386986882226
17.6,-0.9980220259473539
17.61,-0.9975398705662306
17.62,-0.997100533547138
17.63,-0.9966558996162012
17.64,-0.9960605980612073
17.650000000000002,-0.9955596496192611
17.66,-0.9949087235490076
17.67,-0.9942883829839031
17.68,-0.9935378202376283
17.69,-0.9928810184581965
17.7,-0.9920803388039156
17.71,-0.9913069267099044
17.72,-0.9904000835405542
17.73,-0.9895442814847323
17.740000000000002,-0.9885981334237194
17.75,-0.987686114493563
17.76,-0.986611534783068
17.77,-0.9856394114188705
17.78,-0.9845111639732177
17.79,-0.9833876868427991
17.8,-0.982207378560992
17.81,-0.9810836362299903
17.82,-0.9798459950551116
17.830000000000002,-0.9785083877564353
17.84,-0.9771989847455617
17.85,-0.9758704118962984
17.86,-0.9744794567195906
17.87,-0.9730860760013654
17.88,-0.9716134049399726
17.89,-0.9701055371854582
17.900000000000002,-0.9685056841755935
17.91,-0.9669685557997176
17.92,-0.9653535604018969
17.93,-0.9636393856542601
17.94,-0.9619740876441227
17.95,-0.9602442389692369
17.96,-0.9584896815587017
17.97,-0.9566391218761391
17.98,-0.9548422136112763
17.990000000000002,-0.9529171039364254
18.0,-0.9509975399527639
18.01,-0.9490698962087436
18.02,-0.9470417852841494
18.03,-0.9450175467153177
18.04,-0.9429820761911222
18.05,-0.9408478505205898
18.06,-0.9387120489568557
18.07,-0.9364821396682806
18.080000000000002,-0.9343140789624458
18.09,-0.9319963856513687
18.1,-0.929726267469761
18.11,-0.9273729401388565
18.12,-0.9250633783258287
18.13,-0.9226110546920319
18.14,-0.9202134964241567
18.150000000000002,-0.9177463537210812
18.16,-0.9151586583053436
18.17,-0.912675668628051
18.18,-0.9100492479938679
18.19,-0.9074335143411915
18.2,-0.9047986777061542
18.21,-0.9021086078837796
18.22,-0.8993367347246097
18.23,-0.8966169412756119
18.240000000000002,-0.8937944735991152
18.25,-0.8909544696238015
18.26,-0.8880990707535095
18.27,-0.8851759853036926
18.28,-0.8822627291247822
18.29,-0.8792900332454793
18.3,-0.876278331245691
18.31,-0.8731946315778882
18.32,-0.8701670623129512
18.330000000000002,-0.8670096808199623
18.34,-0.8638990968113854
18.35,-0.8606643527404237
18.36,-0.8574727739918255
18.37,-0.8542481263384465
18.38,-0.8509228421987487
18.39,-0.8476063320458884
18.400000000000002,-0.8442586362663784
18.41,-0.8409413329577474
18.42,-0.8375121566052068
18.43,-0.8340242869252888
18.44,-0.8305872711446824
18.45,-0.8270798146860834
18.46,-0.8235273586019295
18.47,-0.8199489428791619
18.48,-0.8162840665443943
18.490000000000002,-0.8126636914457377
18.5,-0.8090025087923208
18.51,-0.8052697689453752
18.52,-0.8015590769890792
18.53,-0.7977592503168474
18.54,-0.7939848782176597
18.55,-0.7901519838275978
18.56,-0.7862049233397068
18.57,-0.7823763882804111
18.580000000000002,-0.7784097516490293
18.59,-0.7745012113456121
18.6,-0.7705020147213042
18.61,-0.7664525984338056
18.62,-0.7624420061395699
18.63,-0.7583060404896549
18.64,-0.7541862078749968
18.650000000000002,-0.7500814990190878
18.66,-0.7458746047890702
18.67,-0.7416917183171604
18.68,-0.7374566102988516
18.69,-0.7331886402960546
18.7,-0.7289030170257146
18.71,-0.7246179521173864
18.72,-0.7202532793776455
18.73,-0.7158602025002674
18.740000000000002,-0.7115301940595153
18.75,-0.7070233248717466
18.76,-0.7025672859315326
18.77,-0.6981321637777882
18.78,-0.6936208328888849
18.79,-0.6890964913597099
18.8,-0.6844665205748733
18.81,-0.6799265490857749
18.82,-0.6753011536592352
18.830000000000002,-0.6706718658780881
18.84,-0.6659781492682505
18.85,-0.6613030320299567
18.86,-0.6565615444300792
18.87,-0.6517953898656731
18.88,-0.6470204008374763
18.89,-0.6421753842774947
18.900000000000002,-0.6373506516468644
18.91,-0.6324864803695134
18.92,-0.6276301793961306
18.93,-0.622751161144976
18.94,-0.6177883187075565
18.95,-0.6129063503484469
18.96,-0.6079007102723758
18.97,-0.6028446406576177
18.98,-0.5978694712184988
18.990000000000002,-0.5927836775301419
19.0,-0.5877819629432917
19.01,-0.5826502270900205
19.02,-0.5775478198488607
19.03,-0.5723632087924737
19.04,-0.5672553257732733
19.05,-0.5620391822461197
19.06,-0.5568755648731261
19.07,-0.5516449952328017
19.080000000000002,-0.54635039003888
19.09,-0.541118998365925
19.1,-0.5357429474314716
19.11,-0.5304819330963242
19.12,-0.5251022206985589
19.13,-0.5197822135616638
19.14,-0.5144305901091105
19.150000000000002,-0.5090063365851157
19.16,-0.503586771542455
19.17,-0.4981060190882789
19.18,-0.4926617028777924
19.19,-0.4872182364194063
19.2,-0.48171706607087866
19.21,-0.47621692650575415
19.22,-0.470624702197204
19.23,-0.4651467162611177
19.240000000000002,-0.4595389535612646
19.25,-0.45393306927611365
19.26,-0.4483227318761602
19.27,-0.44270897813344506
19.28,-0.43704584682379843
19.29,-0.4314005912532066
19.3,-0.42575855539172586
19.31,-0.4200554667552174
19.32,-0.41434569778318225
19.330000000000002,-0.4085719559386235
19.34,-0.4028990410366303
19.35,-0.3971101607501575
19.36,-0.3913137524003695
19.37,-0.38555838717773394
19.38,-0.3797598844652609
19.39,-0.37394751434520324
19.400000000000002,-0.3680940591435656
19.41,-0.36223603051155223
19.42,-0.3563713887421058
19.43,-0.35049718465203106
19.44,-0.34459281489879
19.45,-0.33865284593202927
19.46,-0.3327873086515317
19.47,-0.3268651970672616
19.48,-0.3209373649254926
19.490000000000002,-0.31490659832393647
19.5,-0.30901185403293097
19.51,-0.30299841363248103
19.52,-0.29698763990497484
19.53,-0.29095316980733155
19.54,-0.28497907069918627
19.55,-0.27890705406179983
19.56,-0.2728923280120877
19.57,-0.26687882361393134
19.580000000000002,-0.2607671192045192
19.59,-0.2547397984098929
19.6,-0.24865333449776716
19.61,-0.24255856441079565
19.62,-0.2364524129911327
19.63,-0.23038762600245416
19.64,-0.2241893869611716
19.650000000000002,-0.21806305909761237
19.66,-0.21199701689263173
19.67,-0.20579632864497724
19.68,-0.19964433117079644
19.69,-0.19350823342122353
19.7,-0.18732133409721816
19.71,-0.18115901769948434
19.72,-0.17494030538886635
19.73,-0.1687507260522823
19.740000000000002,-0.16263117774589742
19.75,-0.15642122640914435
19.76,-0.15020815965870557
19.77,-0.14394958363231286
19.78,-0.13778037727493295
19.79,-0.13155617521743793
19.8,-0.12527302519153327
19.81,-0.11906006130335933
19.82,-0.11278977893572477
19.830000000000002,-0.10658629846784315
19.84,-0.10028152751529898
19.85,-0.09402475584123428
19.86,-0.0878203188626647
19.87,-0.08152185457148775
19.88,-0.07525746638621628
19.89,-0.06904497457483821
19.900000000000002,-0.06277930261697952
19.91,-0.056497106077724964
19.92,-0.050213975218368824
19.93,-0.04393626061926028
19.94,-0.03766038453146358
19.95,-0.03133513865079786
19.96,-0.025089770675307887
19.97,-0.018775761221411842
19.98,-0.012481634322522387
19.990000000000002,-0.006231010780747917
