,Unnamed: 0.1,Unnamed: 0,time,y
0,0,0,0.0,0.0
1,1,1,0.01,0.5621439437571739
2,2,2,0.02,1.104373658054034
3,3,3,0.03,1.60748038493699
4,4,4,0.04,2.053641317786066
5,5,5,0.05,2.4270509831248424
6,6,6,0.06,2.7144811573980587
7,7,7,0.07,2.905749483385893
8,8,8,0.08,2.9940801852848145
9,9,9,0.09,2.976344103943433
10,10,10,0.1,2.853169548885461
11,11,11,0.11,2.628920040131592
12,12,12,0.12,2.311539728327368
13,13,13,0.13,1.9122719692460697
14,14,14,0.14,1.4452610223051456
15,15,15,0.15,0.9270509831248426
16,16,16,0.16,0.3759997006929123
17,17,17,0.17,-0.18837155858794
18,18,18,0.18,-0.7460696614945637
19,19,19,0.19,-1.277337874695218
20,20,20,0.2,-1.7633557568774192
21,21,21,0.21,-2.186905882264234
22,22,22,0.22,-2.532983776506044
23,23,23,0.23,-2.7893294576647545
24,24,24,0.24,-2.946861752186066
25,25,25,0.25,-3.0
26,26,26,0.26,-2.946861752186066
27,27,27,0.27,-2.7893294576647536
28,28,28,0.28,-2.532983776506045
29,29,29,0.29,-2.186905882264236
30,30,30,0.3,-1.76335575687742
31,31,31,0.31,-1.277337874695219
32,32,32,0.32,-0.7460696614945634
33,33,33,0.33,-0.1883715585879398
34,34,34,0.34,0.3759997006929125
35,35,35,0.35,0.927050983124844
36,36,36,0.36,1.4452610223051447
37,37,37,0.37,1.912271969246068
38,38,38,0.38,2.311539728327368
39,39,39,0.39,2.628920040131591
40,40,40,0.4,2.8531695488854605
41,41,41,0.41,2.976344103943433
42,42,42,0.42,2.9940801852848145
43,43,43,0.43,2.905749483385893
44,44,44,0.44,2.71448115739806
45,45,45,0.45,2.427050983124843
46,46,46,0.46,2.0536413177860653
47,47,47,0.47,1.607480384936987
48,48,48,0.48,1.104373658054034
49,49,49,0.49,0.562143943757177
50,50,50,0.5,1.102182119232618e-15
51,51,51,0.51,-0.5621439437571749
52,52,52,0.52,-1.1043736580540318
53,53,53,0.53,-1.6074803849369896
54,54,54,0.54,-2.0536413177860675
55,55,55,0.55,-2.427050983124841
56,56,56,0.56,-2.714481157398059
57,57,57,0.5700000000000001,-2.905749483385894
58,58,58,0.58,-2.9940801852848145
59,59,59,0.59,-2.976344103943434
60,60,60,0.6,-2.8531695488854614
61,61,61,0.61,-2.628920040131593
62,62,62,0.62,-2.3115397283273693
63,63,63,0.63,-1.9122719692460688
64,64,64,0.64,-1.4452610223051443
65,65,65,0.65,-0.9270509831248436
66,66,66,0.66,-0.375999700692912
67,67,67,0.67,0.1883715585879429
68,68,68,0.68,0.746069661494564
69,69,69,0.6900000000000001,1.2773378746952195
70,70,70,0.7000000000000001,1.7633557568774223
71,71,71,0.71,2.186905882264232
72,72,72,0.72,2.532983776506044
73,73,73,0.73,2.789329457664754
74,74,74,0.74,2.9468617521860656
75,75,75,0.75,3.0
76,76,76,0.76,2.9468617521860656
77,77,77,0.77,2.789329457664756
78,78,78,0.78,2.532983776506045
79,79,79,0.79,2.186905882264233
80,80,80,0.8,1.7633557568774207
81,81,81,0.81,1.2773378746952178
82,82,82,0.8200000000000001,0.746069661494562
83,83,83,0.8300000000000001,0.1883715585879355
84,84,84,0.84,-0.3759997006929088
85,85,85,0.85,-0.9270509831248354
86,86,86,0.86,-1.445261022305146
87,87,87,0.87,-1.912271969246067
88,88,88,0.88,-2.3115397283273635
89,89,89,0.89,-2.628920040131592
90,90,90,0.9,-2.85316954888546
91,91,91,0.91,-2.976344103943433
92,92,92,0.92,-2.9940801852848145
93,93,93,0.93,-2.9057494833858937
94,94,94,0.94,-2.714481157398056
95,95,95,0.95,-2.427050983124841
96,96,96,0.96,-2.0536413177860657
97,97,97,0.97,-1.6074803849369927
98,98,98,0.98,-1.10437365805404
99,99,99,0.99,-0.5621439437571729
100,100,100,1.0,-2.204364238465236e-15
101,101,101,1.01,0.5621439437571686
102,102,102,1.02,1.1043736580540358
103,103,103,1.03,1.607480384936989
104,104,104,1.04,2.053641317786063
105,105,105,1.05,2.427050983124844
106,106,106,1.06,2.7144811573980583
107,107,107,1.07,2.9057494833858923
108,108,108,1.08,2.994080185284815
109,109,109,1.09,2.976344103943433
110,110,110,1.1,2.853169548885462
111,111,111,1.11,2.6289200401315886
112,112,112,1.12,2.311539728327366
113,113,113,1.13,1.912271969246062
114,114,114,1.14,1.4452610223051403
115,115,115,1.15,0.9270509831248396
116,116,116,1.16,0.3759997006929237
117,117,117,1.17,-0.1883715585879365
118,118,118,1.18,-0.7460696614945577
119,119,119,1.19,-1.2773378746952089
120,120,120,1.2,-1.7633557568774174
121,121,121,1.21,-2.186905882264231
122,122,122,1.22,-2.53298377650604
123,123,123,1.23,-2.7893294576647536
124,124,124,1.24,-2.946861752186065
125,125,125,1.25,-3.0
126,126,126,1.26,-2.946861752186066
127,127,127,1.27,-2.789329457664756
128,128,128,1.28,-2.5329837765060432
129,129,129,1.29,-2.1869058822642344
130,130,130,1.3,-1.763355756877422
131,131,131,1.31,-1.2773378746952138
132,132,132,1.32,-0.746069661494563
133,133,133,1.33,-0.188371558587942
134,134,134,1.34,0.3759997006929182
135,135,135,1.35,0.9270509831248446
136,136,136,1.36,1.4452610223051452
137,137,137,1.37,1.912271969246074
138,138,138,1.38,2.3115397283273698
139,139,139,1.39,2.628920040131591
140,140,140,1.4,2.8531695488854627
141,141,141,1.41,2.9763441039434326
142,142,142,1.42,2.994080185284816
143,143,143,1.43,2.905749483385894
144,144,144,1.44,2.714481157398061
145,145,145,1.45,2.4270509831248472
146,146,146,1.46,2.053641317786066
147,147,147,1.47,1.6074803849369936
148,148,148,1.48,1.1043736580540409
149,149,149,1.49,0.562143943757174
150,150,150,1.5,3.3065463576978537e-15
151,151,151,1.51,-0.5621439437571675
152,152,152,1.52,-1.1043736580540346
153,153,153,1.53,-1.607480384936988
154,154,154,1.54,-2.0536413177860617
155,155,155,1.55,-2.4270509831248432
156,156,156,1.56,-2.7144811573980583
157,157,157,1.57,-2.9057494833858923
158,158,158,1.58,-2.994080185284815
159,159,159,1.59,-2.976344103943433
160,160,160,1.6,-2.853169548885462
161,161,161,1.61,-2.6289200401315886
162,162,162,1.62,-2.3115397283273675
163,163,163,1.63,-1.912271969246063
164,164,164,1.64,-1.4452610223051414
165,165,165,1.65,-0.9270509831248408
166,166,166,1.66,-0.3759997006929036
167,167,167,1.67,0.1883715585879353
168,168,168,1.68,0.7460696614945567
169,169,169,1.69,1.2773378746952078
170,170,170,1.7,1.7633557568774076
171,171,171,1.71,2.18690588226423
172,172,172,1.72,2.532983776506045
173,173,173,1.73,2.789329457664749
174,174,174,1.74,2.9468617521860647
175,175,175,1.75,3.0
176,176,176,1.76,2.9468617521860683
177,177,177,1.77,2.7893294576647563
178,178,178,1.78,2.532983776506044
179,179,179,1.79,2.1869058822642424
180,180,180,1.8,1.7633557568774227
181,181,181,1.81,1.2773378746952149
182,182,182,1.82,0.7460696614945744
183,183,183,1.83,0.188371558587943
184,184,184,1.84,-0.3759997006929172
185,185,185,1.85,-0.9270509831248334
186,186,186,1.86,-1.445261022305144
187,187,187,1.87,-1.9122719692460728
188,188,188,1.88,-2.311539728327376
189,189,189,1.89,-2.6289200401315904
190,190,190,1.9,-2.8531695488854627
191,191,191,1.91,-2.976344103943436
192,192,192,1.92,-2.9940801852848145
193,193,193,1.93,-2.905749483385897
194,194,194,1.94,-2.7144811573980614
195,195,195,1.95,-2.427050983124841
196,196,196,1.96,-2.0536413177860755
197,197,197,1.97,-1.6074803849369943
198,198,198,1.98,-1.104373658054032
199,199,199,1.99,-0.5621439437571856
200,200,200,2.0,-4.408728476930472e-15
201,201,201,2.01,0.5621439437571769
202,202,202,2.02,1.1043736580540238
203,203,203,2.03,1.607480384937005
204,204,204,2.04,2.053641317786069
205,205,205,2.05,2.427050983124836
206,206,206,2.06,2.714481157398058
207,207,207,2.07,2.905749483385889
208,208,208,2.08,2.994080185284814
209,209,209,2.09,2.976344103943436
210,210,210,2.1,2.853169548885459
211,211,211,2.11,2.6289200401315944
212,212,212,2.12,2.311539728327368
213,213,213,2.13,1.9122719692460803
214,214,214,2.14,1.445261022305152
215,215,215,2.15,0.9270509831248416
216,216,216,2.16,0.3759997006929048
217,217,217,2.17,-0.1883715585879343
218,218,218,2.18,-0.7460696614945659
219,219,219,2.19,-1.2773378746952069
220,220,220,2.2,-1.7633557568774154
221,221,221,2.21,-2.186905882264236
222,222,222,2.22,-2.5329837765060503
223,223,223,2.23,-2.7893294576647527
224,224,224,2.24,-2.946861752186067
225,225,225,2.25,-3.0
226,226,226,2.26,-2.9468617521860625
227,227,227,2.27,-2.7893294576647523
228,228,228,2.28,-2.532983776506039
229,229,229,2.29,-2.186905882264236
230,230,230,2.3000000000000003,-1.7633557568774147
231,231,231,2.31,-1.2773378746952255
232,232,232,2.32,-0.7460696614945859
233,233,233,2.33,-0.1883715585879335
234,234,234,2.34,0.3759997006929055
235,235,235,2.35,0.9270509831248424
236,236,236,2.36,1.445261022305134
237,237,237,2.37,1.9122719692460644
238,238,238,2.38,2.3115397283273547
239,239,239,2.39,2.628920040131595
240,240,240,2.4,2.853169548885459
241,241,241,2.41,2.976344103943433
242,242,242,2.42,2.994080185284816
243,243,243,2.43,2.9057494833858946
244,244,244,2.44,2.7144811573980663
245,245,245,2.45,2.427050983124836
246,246,246,2.46,2.0536413177860684
247,247,247,2.47,1.6074803849369863
248,248,248,2.48,1.1043736580540429
249,249,249,2.49,0.5621439437571761
250,250,250,2.5,1.616905163256459e-14
251,251,251,2.51,-0.5621439437571862
252,252,252,2.52,-1.1043736580540329
253,253,253,2.53,-1.607480384936995
254,254,254,2.54,-2.0536413177860604
255,255,255,2.5500000000000003,-2.427050983124842
256,256,256,2.56,-2.714481157398062
257,257,257,2.57,-2.9057494833858915
258,258,258,2.58,-2.9940801852848145
259,259,259,2.59,-2.976344103943436
260,260,260,2.6,-2.8531695488854627
261,261,261,2.61,-2.6289200401316
262,262,262,2.62,-2.3115397283273618
263,263,263,2.63,-1.9122719692460728
264,264,264,2.64,-1.4452610223051434
265,265,265,2.65,-0.9270509831248528
266,266,266,2.66,-0.3759997006929164
267,267,267,2.67,0.1883715585879225
268,268,268,2.68,0.7460696614945751
269,269,269,2.69,1.2773378746952155
270,270,270,2.7,1.7633557568774232
271,271,271,2.71,2.186905882264228
272,272,272,2.72,2.532983776506044
273,273,273,2.73,2.7893294576647483
274,274,274,2.74,2.9468617521860683
275,275,275,2.75,3.0
276,276,276,2.76,2.9468617521860647
277,277,277,2.77,2.7893294576647567
278,278,278,2.78,2.532983776506045
279,279,279,2.79,2.186905882264244
280,280,280,2.8000000000000003,1.7633557568774072
281,281,281,2.81,1.2773378746952169
282,282,282,2.82,0.7460696614945765
283,283,283,2.83,0.1883715585879453
284,284,284,2.84,-0.3759997006928939
285,285,285,2.85,-0.9270509831248313
286,286,286,2.86,-1.445261022305142
287,287,287,2.87,-1.912271969246072
288,288,288,2.88,-2.311539728327361
289,289,289,2.89,-2.628920040131589
290,290,290,2.9,-2.853169548885456
291,291,291,2.91,-2.976344103943435
292,292,292,2.92,-2.9940801852848145
293,293,293,2.93,-2.905749483385892
294,294,294,2.94,-2.7144811573980623
295,295,295,2.95,-2.4270509831248432
296,296,296,2.96,-2.053641317786077
297,297,297,2.97,-1.6074803849369783
298,298,298,2.98,-1.1043736580540342
299,299,299,2.99,-0.5621439437571667
300,300,300,3.0,-6.613092715395708e-15
301,301,301,3.01,0.5621439437571747
302,302,302,3.02,1.1043736580540218
303,303,303,3.03,1.607480384937003
304,304,304,3.04,2.053641317786067
305,305,305,3.0500000000000003,2.427050983124848
306,306,306,3.06,2.7144811573980565
307,307,307,3.0700000000000003,2.905749483385894
308,308,308,3.08,2.994080185284814
309,309,309,3.09,2.9763441039434366
310,310,310,3.1,2.85316954888546
311,311,311,3.11,2.628920040131596
312,312,312,3.12,2.3115397283273693
313,313,313,3.13,1.912271969246082
314,314,314,3.14,1.445261022305154
315,315,315,3.15,0.927050983124844
316,316,316,3.16,0.3759997006929069
317,317,317,3.17,-0.1883715585879321
318,318,318,3.18,-0.7460696614945638
319,319,319,3.19,-1.2773378746952049
320,320,320,3.2,-1.763355756877414
321,321,321,3.21,-2.186905882264235
322,322,322,3.22,-2.532983776506049
323,323,323,3.23,-2.789329457664752
324,324,324,3.24,-2.946861752186066
325,325,325,3.25,-3.0
326,326,326,3.26,-2.946861752186063
327,327,327,3.27,-2.7893294576647536
328,328,328,3.28,-2.53298377650604
329,329,329,3.29,-2.186905882264237
330,330,330,3.3000000000000003,-1.7633557568774167
331,331,331,3.31,-1.2773378746952275
332,332,332,3.3200000000000003,-0.7460696614945467
333,333,333,3.33,-0.1883715585879357
334,334,334,3.34,0.3759997006929033
335,335,335,3.35,0.9270509831248404
336,336,336,3.36,1.445261022305132
337,337,337,3.37,1.9122719692460624
338,338,338,3.38,2.3115397283273533
339,339,339,3.39,2.628920040131594
340,340,340,3.4,2.853169548885452
341,341,341,3.41,2.976344103943433
342,342,342,3.42,2.994080185284816
343,343,343,3.43,2.9057494833858897
344,344,344,3.44,2.7144811573980583
345,345,345,3.45,2.42705098312485
346,346,346,3.46,2.0536413177860853
347,347,347,3.47,1.6074803849369883
348,348,348,3.48,1.1043736580540449
349,349,349,3.49,0.5621439437571574
350,350,350,3.5,-2.942866201773178e-15
351,351,351,3.51,-0.5621439437571631
352,352,352,3.52,-1.1043736580540109
353,353,353,3.53,-1.6074803849369932
354,354,354,3.54,-2.053641317786058
355,355,355,3.5500000000000003,-2.427050983124853
356,356,356,3.56,-2.714481157398061
357,357,357,3.5700000000000003,-2.9057494833858915
358,358,358,3.58,-2.9940801852848136
359,359,359,3.59,-2.976344103943438
360,360,360,3.6,-2.853169548885463
361,361,361,3.61,-2.628920040131601
362,362,362,3.62,-2.311539728327363
363,363,363,3.63,-1.9122719692460743
364,364,364,3.64,-1.445261022305164
365,365,365,3.65,-0.9270509831248348
366,366,366,3.66,-0.3759997006929186
367,367,367,3.67,0.1883715585879203
368,368,368,3.68,0.746069661494573
369,369,369,3.69,1.2773378746952135
370,370,370,3.7,1.763355756877404
371,371,371,3.71,2.186905882264241
372,372,372,3.72,2.5329837765060432
373,373,373,3.73,2.789329457664748
374,374,374,3.74,2.9468617521860683
375,375,375,3.75,3.0
376,376,376,3.76,2.946861752186061
377,377,377,3.77,2.7893294576647496
378,378,378,3.78,2.5329837765060463
379,379,379,3.79,2.186905882264245
380,380,380,3.8,1.7633557568774088
381,381,381,3.81,1.2773378746952189
382,382,382,3.82,0.7460696614945375
383,383,383,3.83,0.1883715585879262
384,384,384,3.84,-0.3759997006929128
385,385,385,3.85,-0.9270509831248293
386,386,386,3.86,-1.4452610223051214
387,387,387,3.87,-1.91227196924607
388,388,388,3.88,-2.3115397283273595
389,389,389,3.89,-2.6289200401315984
390,390,390,3.9,-2.8531695488854614
391,391,391,3.91,-2.976344103943432
392,392,392,3.92,-2.994080185284816
393,393,393,3.93,-2.9057494833858923
394,394,394,3.94,-2.714481157398063
395,395,395,3.95,-2.427050983124832
396,396,396,3.96,-2.053641317786063
397,397,397,3.97,-1.6074803849369983
398,398,398,3.98,-1.104373658054056
399,399,399,3.99,-0.5621439437571689
400,400,400,4.0,-8.817456953860943e-15
401,401,401,4.01,0.5621439437571516
402,402,402,4.0200000000000005,1.1043736580540395
403,403,403,4.03,1.6074803849369834
404,404,404,4.04,2.05364131778605
405,405,405,4.05,2.427050983124821
406,406,406,4.0600000000000005,2.714481157398074
407,407,407,4.07,2.905749483385899
408,408,408,4.08,2.994080185284816
409,409,409,4.09,2.9763441039434344
410,410,410,4.1,2.853169548885467
411,411,411,4.11,2.6289200401315864
412,412,412,4.12,2.31153972832737
413,413,413,4.13,1.912271969246084
414,414,414,4.14,1.4452610223051745
415,415,415,4.15,0.927050983124846
416,416,416,4.16,0.3759997006929302
417,417,417,4.17,-0.1883715585879086
418,418,418,4.18,-0.7460696614945204
419,419,419,4.19,-1.2773378746952415
420,420,420,4.2,-1.763355756877429
421,421,421,4.21,-2.186905882264233
422,422,422,4.22,-2.532983776506037
423,423,423,4.23,-2.789329457664759
424,424,424,4.24,-2.9468617521860656
425,425,425,4.25,-3.0
426,426,426,4.26,-2.9468617521860714
427,427,427,4.2700000000000005,-2.789329457664754
428,428,428,4.28,-2.532983776506053
429,429,429,4.29,-2.186905882264253
430,430,430,4.3,-1.7633557568774183
431,431,431,4.3100000000000005,-1.277337874695191
432,432,432,4.32,-0.7460696614945488
433,433,433,4.33,-0.1883715585879379
434,434,434,4.34,0.3759997006929011
435,435,435,4.3500000000000005,0.9270509831248586
436,436,436,4.36,1.4452610223051487
437,437,437,4.37,1.9122719692460608
438,438,438,4.38,2.311539728327352
439,439,439,4.39,2.628920040131572
440,440,440,4.4,2.8531695488854574
441,441,441,4.41,2.976344103943436
442,442,442,4.42,2.9940801852848145
443,443,443,4.43,2.9057494833858954
444,444,444,4.44,2.7144811573980503
445,445,445,4.45,2.427050983124839
446,446,446,4.46,2.0536413177860715
447,447,447,4.47,1.6074803849370078
448,448,448,4.48,1.104373658054027
449,449,449,4.49,0.5621439437571805
450,450,450,4.5,2.0577780109495062e-14
451,451,451,4.51,-0.56214394375714
452,452,452,4.5200000000000005,-1.1043736580540682
453,453,453,4.53,-1.6074803849370092
454,454,454,4.54,-2.053641317786073
455,455,455,4.55,-2.42705098312484
456,456,456,4.5600000000000005,-2.714481157398069
457,457,457,4.57,-2.905749483385896
458,458,458,4.58,-2.9940801852848145
459,459,459,4.59,-2.976344103943436
460,460,460,4.6000000000000005,-2.8531695488854574
461,461,461,4.61,-2.628920040131592
462,462,462,4.62,-2.311539728327378
463,463,463,4.63,-1.9122719692460928
464,464,464,4.64,-1.4452610223051847
465,465,465,4.65,-0.9270509831248166
466,466,466,4.66,-0.3759997006928997
467,467,467,4.67,0.1883715585879394
468,468,468,4.68,0.7460696614945502
469,469,469,4.69,1.2773378746952309
470,470,470,4.7,1.7633557568774196
471,471,471,4.71,2.1869058822642256
472,472,472,4.72,2.532983776506031
473,473,473,4.73,2.7893294576647545
474,474,474,4.74,2.946861752186064
475,475,475,4.75,3.0
476,476,476,4.76,2.9468617521860736
477,477,477,4.7700000000000005,2.789329457664743
478,478,478,4.78,2.532983776506036
479,479,479,4.79,2.186905882264232
480,480,480,4.8,1.763355756877428
481,481,481,4.8100000000000005,1.2773378746952015
482,482,482,4.82,0.7460696614945602
483,483,483,4.83,0.1883715585879496
484,484,484,4.84,-0.3759997006928894
485,485,485,4.8500000000000005,-0.9270509831248472
486,486,486,4.86,-1.4452610223051383
487,487,487,4.87,-1.912271969246052
488,488,488,4.88,-2.3115397283273444
489,489,489,4.89,-2.628920040131587
490,490,490,4.9,-2.853169548885467
491,491,491,4.91,-2.9763441039434344
492,492,492,4.92,-2.994080185284815
493,493,493,4.93,-2.9057494833858986
494,494,494,4.94,-2.714481157398055
495,495,495,4.95,-2.427050983124845
496,496,496,4.96,-2.05364131778608
497,497,497,4.97,-1.607480384937018
498,498,498,4.98,-1.1043736580540382
499,499,499,4.99,-0.562143943757192
500,500,500,5.0,-3.233810326512918e-14
501,501,501,5.01,0.5621439437571704
502,502,502,5.0200000000000005,1.1043736580540573
503,503,503,5.03,1.6074803849369994
504,504,504,5.04,2.053641317786064
505,505,505,5.05,2.4270509831248326
506,506,506,5.0600000000000005,2.714481157398064
507,507,507,5.07,2.905749483385893
508,508,508,5.08,2.9940801852848136
509,509,509,5.09,2.976344103943437
510,510,510,5.1000000000000005,2.853169548885461
511,511,511,5.11,2.628920040131597
512,512,512,5.12,2.311539728327358
513,513,513,5.13,1.9122719692460688
514,514,514,5.14,1.4452610223051576
515,515,515,5.15,0.9270509831248276
516,516,516,5.16,0.3759997006929113
517,517,517,5.17,-0.1883715585879276
518,518,518,5.18,-0.7460696614945388
519,519,519,5.19,-1.2773378746952202
520,520,520,5.2,-1.76335575687741
521,521,521,5.21,-2.1869058822642176
522,522,522,5.22,-2.532983776506024
523,523,523,5.23,-2.789329457664766
524,524,524,5.24,-2.9468617521860696
525,525,525,5.25,-3.0
526,526,526,5.26,-2.946861752186068
527,527,527,5.2700000000000005,-2.789329457664747
528,528,528,5.28,-2.5329837765060423
529,529,529,5.29,-2.18690588226424
530,530,530,5.3,-1.7633557568774374
531,531,531,5.3100000000000005,-1.2773378746952122
532,532,532,5.32,-0.7460696614945717
533,533,533,5.33,-0.1883715585879614
534,534,534,5.34,0.3759997006928778
535,535,535,5.3500000000000005,0.9270509831248768
536,536,536,5.36,1.4452610223051652
537,537,537,5.37,1.912271969246076
538,538,538,5.38,2.311539728327364
539,539,539,5.39,2.628920040131581
540,540,540,5.4,2.853169548885464
541,541,541,5.41,2.976344103943433
542,542,542,5.42,2.994080185284816
543,543,543,5.43,2.905749483385901
544,544,544,5.44,2.71448115739806
545,545,545,5.45,2.427050983124852
546,546,546,5.46,2.053641317786089
547,547,547,5.47,1.6074803849370278
548,548,548,5.48,1.104373658054009
549,549,549,5.49,0.5621439437571617
550,550,550,5.5,1.4658622751572938e-15
551,551,551,5.51,-0.5621439437571588
552,552,552,5.5200000000000005,-1.1043736580540464
553,553,553,5.53,-1.6074803849369892
554,554,554,5.54,-2.0536413177860555
555,555,555,5.55,-2.427050983124825
556,556,556,5.5600000000000005,-2.7144811573980587
557,557,557,5.57,-2.9057494833858897
558,558,558,5.58,-2.994080185284813
559,559,559,5.59,-2.976344103943439
560,560,560,5.6000000000000005,-2.853169548885451
561,561,561,5.61,-2.628920040131583
562,562,562,5.62,-2.311539728327366
563,563,563,5.63,-1.912271969246078
564,564,564,5.64,-1.4452610223051678
565,565,565,5.65,-0.9270509831248388
566,566,566,5.66,-0.375999700692923
567,567,567,5.67,0.1883715585879159
568,568,568,5.68,0.7460696614945275
569,569,569,5.69,1.2773378746952095
570,570,570,5.7,1.7633557568774008
571,571,571,5.71,2.1869058822642384
572,572,572,5.72,2.532983776506041
573,573,573,5.73,2.7893294576647616
574,574,574,5.74,2.9468617521860674
575,575,575,5.75,3.0
576,576,576,5.76,2.94686175218607
577,577,577,5.7700000000000005,2.789329457664752
578,578,578,5.78,2.532983776506049
579,579,579,5.79,2.1869058822642486
580,580,580,5.8,1.7633557568774472
581,581,581,5.8100000000000005,1.2773378746952229
582,582,582,5.82,0.7460696614945417
583,583,583,5.83,0.1883715585879306
584,584,584,5.84,-0.3759997006929084
585,585,585,5.8500000000000005,-0.9270509831248654
586,586,586,5.86,-1.445261022305155
587,587,587,5.87,-1.9122719692460663
588,588,588,5.88,-2.311539728327357
589,589,589,5.89,-2.628920040131576
590,590,590,5.9,-2.85316954888546
591,591,591,5.91,-2.976344103943432
592,592,592,5.92,-2.9940801852848167
593,593,593,5.93,-2.9057494833859043
594,594,594,5.94,-2.714481157398047
595,595,595,5.95,-2.4270509831248344
596,596,596,5.96,-2.053641317786066
597,597,597,5.97,-1.607480384937002
598,598,598,5.98,-1.1043736580540204
599,599,599,5.99,-0.5621439437571732
600,600,600,6.0,-1.3226185430791417e-14
601,601,601,6.01,0.5621439437571473
602,602,602,6.0200000000000005,1.1043736580540355
603,603,603,6.03,1.6074803849369796
604,604,604,6.04,2.053641317786047
605,605,605,6.05,2.427050983124819
606,606,606,6.0600000000000005,2.714481157398072
607,607,607,6.07,2.9057494833858977
608,608,608,6.08,2.994080185284815
609,609,609,6.09,2.9763441039434344
610,610,610,6.1000000000000005,2.8531695488854547
611,611,611,6.11,2.6289200401315886
612,612,612,6.12,2.3115397283273738
613,613,613,6.13,1.912271969246087
614,614,614,6.140000000000001,1.4452610223051408
615,615,615,6.15,0.92705098312485
616,616,616,6.16,0.3759997006929346
617,617,617,6.17,-0.1883715585879042
618,618,618,6.18,-0.7460696614945161
619,619,619,6.19,-1.2773378746952375
620,620,620,6.2,-1.7633557568774254
621,621,621,6.21,-2.1869058822642304
622,622,622,6.22,-2.5329837765060343
623,623,623,6.23,-2.789329457664757
624,624,624,6.24,-2.946861752186065
625,625,625,6.25,-3.0
626,626,626,6.26,-2.9468617521860723
627,627,627,6.2700000000000005,-2.789329457664756
628,628,628,6.28,-2.5329837765060548
629,629,629,6.29,-2.186905882264256
630,630,630,6.3,-1.763355756877422
631,631,631,6.3100000000000005,-1.2773378746951949
632,632,632,6.32,-0.746069661494553
633,633,633,6.33,-0.1883715585879423
634,634,634,6.34,0.3759997006928968
635,635,635,6.3500000000000005,0.9270509831248545
636,636,636,6.36,1.4452610223051447
637,637,637,6.37,1.9122719692460577
638,638,638,6.38,2.3115397283273493
639,639,639,6.390000000000001,2.628920040131591
640,640,640,6.4,2.8531695488854565
641,641,641,6.41,2.976344103943436
642,642,642,6.42,2.9940801852848145
643,643,643,6.43,2.905749483385897
644,644,644,6.44,2.714481157398052
645,645,645,6.45,2.427050983124841
646,646,646,6.46,2.0536413177860746
647,647,647,6.47,1.6074803849370116
648,648,648,6.48,1.104373658054031
649,649,649,6.49,0.5621439437571848
650,650,650,6.5,2.498650858642553e-14
651,651,651,6.51,-0.5621439437571357
652,652,652,6.5200000000000005,-1.104373658054064
653,653,653,6.53,-1.6074803849370056
654,654,654,6.54,-2.0536413177860693
655,655,655,6.55,-2.427050983124837
656,656,656,6.5600000000000005,-2.714481157398067
657,657,657,6.57,-2.905749483385895
658,658,658,6.58,-2.994080185284814
659,659,659,6.59,-2.976344103943436
660,660,660,6.6000000000000005,-2.8531695488854587
661,661,661,6.61,-2.628920040131594
662,662,662,6.62,-2.3115397283273813
663,663,663,6.63,-1.912271969246096
664,664,664,6.640000000000001,-1.445261022305114
665,665,665,6.65,-0.9270509831248208
666,666,666,6.66,-0.375999700692904
667,667,667,6.67,0.188371558587935
668,668,668,6.68,0.746069661494546
669,669,669,6.69,1.2773378746952269
670,670,670,6.7,1.763355756877416
671,671,671,6.71,2.1869058822642224
672,672,672,6.72,2.532983776506028
673,673,673,6.73,2.789329457664753
674,674,674,6.74,2.946861752186063
675,675,675,6.75,3.0
676,676,676,6.76,2.9468617521860745
677,677,677,6.7700000000000005,2.7893294576647443
678,678,678,6.78,2.532983776506039
679,679,679,6.79,2.186905882264236
680,680,680,6.8,1.763355756877466
681,681,681,6.8100000000000005,1.2773378746952442
682,682,682,6.82,0.7460696614945644
683,683,683,6.83,0.1883715585879115
684,684,684,6.84,-0.375999700692885
685,685,685,6.8500000000000005,-0.9270509831248432
686,686,686,6.86,-1.4452610223051718
687,687,687,6.87,-1.9122719692460488
688,688,688,6.88,-2.311539728327369
689,689,689,6.890000000000001,-2.628920040131605
690,690,690,6.9,-2.8531695488854525
691,691,691,6.91,-2.976344103943434
692,692,692,6.92,-2.994080185284818
693,693,693,6.93,-2.9057494833858994
694,694,694,6.94,-2.714481157398057
695,695,695,6.95,-2.427050983124823
696,696,696,6.96,-2.0536413177860835
697,697,697,6.97,-1.6074803849369856
698,698,698,6.98,-1.104373658054003
699,699,699,6.99,-0.5621439437571963
700,700,700,7.0,5.885732403546356e-15
701,701,701,7.01,0.5621439437571242
702,702,702,7.0200000000000005,1.1043736580540136
703,703,703,7.03,1.6074803849369956
704,704,704,7.04,2.0536413177860298
705,705,705,7.05,2.42705098312483
706,706,706,7.0600000000000005,2.714481157398062
707,707,707,7.07,2.9057494833859026
708,708,708,7.08,2.9940801852848136
709,709,709,7.09,2.976344103943432
710,710,710,7.1000000000000005,2.853169548885449
711,711,711,7.11,2.6289200401316
712,712,712,7.12,2.3115397283273613
713,713,713,7.13,1.9122719692461048
714,714,714,7.140000000000001,1.4452610223051614
715,715,715,7.15,0.927050983124832
716,716,716,7.16,0.3759997006929579
717,717,717,7.17,-0.1883715585879233
718,718,718,7.18,-0.7460696614944933
719,719,719,7.19,-1.2773378746952548
720,720,720,7.2,-1.7633557568774063
721,721,721,7.21,-2.186905882264244
722,722,722,7.22,-2.532983776506022
723,723,723,7.23,-2.7893294576647487
724,724,724,7.24,-2.9468617521860683
725,725,725,7.25,-3.0
726,726,726,7.26,-2.9468617521860683
727,727,727,7.27,-2.7893294576647487
728,728,728,7.28,-2.532983776506068
729,729,729,7.29,-2.186905882264244
730,730,730,7.3,-1.7633557568774063
731,731,731,7.31,-1.2773378746951776
732,732,732,7.32,-0.7460696614945759
733,733,733,7.33,-0.1883715585879232
734,734,734,7.34,0.3759997006928733
735,735,735,7.35,0.927050983124832
736,736,736,7.36,1.4452610223051614
737,737,737,7.37,1.91227196924604
738,738,738,7.38,2.3115397283273613
739,739,739,7.390000000000001,2.6289200401316
740,740,740,7.4,2.853169548885449
741,741,741,7.41,2.976344103943432
742,742,742,7.42,2.9940801852848136
743,743,743,7.43,2.9057494833859026
744,744,744,7.44,2.714481157398062
745,745,745,7.45,2.42705098312483
746,746,746,7.46,2.053641317786092
747,747,747,7.47,1.6074803849369956
748,748,748,7.48,1.1043736580540136
749,749,749,7.49,0.562143943757208
750,750,750,7.5,5.874590752087764e-15
751,751,751,7.51,-0.5621439437571126
752,752,752,7.52,-1.104373658054082
753,753,753,7.53,-1.6074803849369856
754,754,754,7.54,-2.0536413177860835
755,755,755,7.55,-2.427050983124823
756,756,756,7.56,-2.714481157398057
757,757,757,7.57,-2.9057494833858994
758,758,758,7.58,-2.9940801852848127
759,759,759,7.59,-2.976344103943434
760,760,760,7.6,-2.8531695488854525
761,761,761,7.61,-2.628920040131605
762,762,762,7.62,-2.311539728327369
763,763,763,7.63,-1.912271969246114
764,764,764,7.640000000000001,-1.445261022305097
765,765,765,7.65,-0.9270509831248432
766,766,766,7.66,-0.375999700692885
767,767,767,7.67,0.1883715585879115
768,768,768,7.68,0.7460696614945644
769,769,769,7.69,1.2773378746952442
770,770,770,7.7,1.763355756877397
771,771,771,7.71,2.186905882264236
772,772,772,7.72,2.532983776506016
773,773,773,7.73,2.7893294576647443
774,774,774,7.74,2.9468617521860665
775,775,775,7.75,3.0
776,776,776,7.76,2.946861752186071
777,777,777,7.77,2.789329457664753
778,778,778,7.78,2.532983776506028
779,779,779,7.79,2.186905882264252
780,780,780,7.8,1.763355756877416
781,781,781,7.81,1.2773378746951882
782,782,782,7.82,0.7460696614945873
783,783,783,7.83,0.188371558587935
784,784,784,7.84,-0.3759997006928617
785,785,785,7.85,-0.9270509831248208
786,786,786,7.86,-1.4452610223051512
787,787,787,7.87,-1.9122719692460304
788,788,788,7.88,-2.3115397283273538
789,789,789,7.890000000000001,-2.628920040131594
790,790,790,7.9,-2.853169548885472
791,791,791,7.91,-2.976344103943431
792,792,792,7.92,-2.994080185284814
793,793,793,7.930000000000001,-2.9057494833858843
794,794,794,7.94,-2.714481157398067
795,795,795,7.95,-2.427050983124837
796,796,796,7.96,-2.0536413177861004
797,797,797,7.97,-1.6074803849370056
798,798,798,7.98,-1.1043736580540244
799,799,799,7.99,-0.5621439437572194
800,800,800,8.0,-1.7634913907721887e-14
801,801,801,8.01,0.5621439437571848
802,802,802,8.02,1.1043736580539916
803,803,803,8.03,1.6074803849369756
804,804,804,8.040000000000001,2.0536413177860746
805,805,805,8.05,2.4270509831248663
806,806,806,8.06,2.714481157398052
807,807,807,8.07,2.905749483385897
808,808,808,8.08,2.994080185284812
809,809,809,8.09,2.976344103943436
810,810,810,8.1,2.8531695488854827
811,811,811,8.11,2.628920040131611
812,812,812,8.120000000000001,2.3115397283273222
813,813,813,8.13,1.9122719692460577
814,814,814,8.14,1.4452610223051074
815,815,815,8.15,0.9270509831248545
816,816,816,8.16,0.3759997006928967
817,817,817,8.17,-0.1883715585878998
818,818,818,8.18,-0.746069661494553
819,819,819,8.19,-1.2773378746951565
820,820,820,8.2,-1.7633557568773874
821,821,821,8.21,-2.186905882264228
822,822,822,8.22,-2.5329837765060548
823,823,823,8.23,-2.789329457664772
824,824,824,8.24,-2.9468617521860643
825,825,825,8.25,-3.0
826,826,826,8.26,-2.946861752186073
827,827,827,8.27,-2.789329457664757
828,828,828,8.28,-2.53298377650608
829,829,829,8.290000000000001,-2.186905882264201
830,830,830,8.3,-1.7633557568774254
831,831,831,8.31,-1.2773378746951989
832,832,832,8.32,-0.7460696614945986
833,833,833,8.33,-0.1883715585879467
834,834,834,8.34,0.37599970069285
835,835,835,8.35,0.9270509831248096
836,836,836,8.36,1.445261022305066
837,837,837,8.370000000000001,1.912271969246087
838,838,838,8.38,2.311539728327401
839,839,839,8.39,2.6289200401315886
840,840,840,8.4,2.853169548885468
841,841,841,8.41,2.976344103943429
842,842,842,8.42,2.994080185284815
843,843,843,8.43,2.9057494833859083
844,844,844,8.44,2.714481157398072
845,845,845,8.45,2.427050983124894
846,846,846,8.46,2.053641317786047
847,847,847,8.47,1.6074803849369437
848,848,848,8.48,1.1043736580540355
849,849,849,8.49,0.5621439437571473
850,850,850,8.5,2.9395237063356006e-14
851,851,851,8.51,-0.5621439437571734
852,852,852,8.52,-1.104373658053981
853,853,853,8.53,-1.607480384936966
854,854,854,8.540000000000001,-2.053641317786066
855,855,855,8.55,-2.4270509831248592
856,856,856,8.56,-2.714481157398047
857,857,857,8.57,-2.9057494833858937
858,858,858,8.58,-2.994080185284812
859,859,859,8.59,-2.976344103943437
860,860,860,8.6,-2.85316954888546
861,861,861,8.61,-2.6289200401316166
862,862,862,8.620000000000001,-2.3115397283273293
863,863,863,8.63,-1.9122719692460663
864,864,864,8.64,-1.4452610223051177
865,865,865,8.65,-0.9270509831248654
866,866,866,8.66,-0.3759997006929084
867,867,867,8.67,0.188371558587888
868,868,868,8.68,0.7460696614945417
869,869,869,8.69,1.2773378746951458
870,870,870,8.700000000000001,1.7633557568774472
871,871,871,8.71,2.186905882264277
872,872,872,8.72,2.532983776506049
873,873,873,8.73,2.789329457664767
874,874,874,8.74,2.946861752186062
875,875,875,8.75,3.0
876,876,876,8.76,2.9468617521860754
877,877,877,8.77,2.7893294576647616
878,878,878,8.78,2.5329837765060867
879,879,879,8.790000000000001,2.186905882264209
880,880,880,8.8,1.7633557568774352
881,881,881,8.81,1.2773378746952095
882,882,882,8.82,0.7460696614945275
883,883,883,8.83,0.1883715585879584
884,884,884,8.84,-0.375999700692923
885,885,885,8.85,-0.9270509831247984
886,886,886,8.86,-1.4452610223051303
887,887,887,8.870000000000001,-1.912271969246078
888,888,888,8.88,-2.3115397283273933
889,889,889,8.89,-2.628920040131583
890,890,890,8.9,-2.8531695488854645
891,891,891,8.91,-2.976344103943428
892,892,892,8.92,-2.994080185284816
893,893,893,8.93,-2.905749483385911
894,894,894,8.94,-2.714481157398077
895,895,895,8.950000000000001,-2.4270509831248006
896,896,896,8.96,-2.0536413177860555
897,897,897,8.97,-1.6074803849369532
898,898,898,8.98,-1.1043736580540464
899,899,899,8.99,-0.5621439437571588
900,900,900,9.0,-4.1155560218990125e-14
901,901,901,9.01,0.5621439437571617
902,902,902,9.02,1.1043736580539698
903,903,903,9.03,1.607480384936956
904,904,904,9.04,2.05364131778612
905,905,905,9.05,2.427050983124852
906,906,906,9.06,2.714481157398078
907,907,907,9.07,2.905749483385891
908,908,908,9.08,2.994080185284816
909,909,909,9.09,2.9763441039434384
910,910,910,9.1,2.853169548885464
911,911,911,9.11,2.6289200401316224
912,912,912,9.12,2.311539728327337
913,913,913,9.13,1.912271969246076
914,914,914,9.14,1.445261022305128
915,915,915,9.15,0.9270509831248768
916,916,916,9.16,0.3759997006929201
917,917,917,9.17,-0.1883715585878763
918,918,918,9.18,-0.7460696614945304
919,919,919,9.19,-1.2773378746952122
920,920,920,9.2,-1.7633557568774374
921,921,921,9.21,-2.186905882264269
922,922,922,9.22,-2.5329837765060423
923,923,923,9.23,-2.7893294576647625
924,924,924,9.24,-2.94686175218606
925,925,925,9.25,-3.0
926,926,926,9.26,-2.9468617521860776
927,927,927,9.27,-2.789329457664766
928,928,928,9.28,-2.532983776506093
929,929,929,9.29,-2.1869058822642176
930,930,930,9.3,-1.7633557568773754
931,931,931,9.31,-1.2773378746952202
932,932,932,9.32,-0.7460696614945388
933,933,933,9.33,-0.1883715585879702
934,934,934,9.34,0.3759997006929113
935,935,935,9.35,0.9270509831247872
936,936,936,9.36,1.4452610223051203
937,937,937,9.37,1.9122719692460688
938,938,938,9.38,2.3115397283273857
939,939,939,9.39,2.628920040131577
940,940,940,9.4,2.853169548885461
941,941,941,9.41,2.976344103943437
942,942,942,9.42,2.994080185284816
943,943,943,9.43,2.905749483385893
944,944,944,9.44,2.7144811573980823
945,945,945,9.45,2.427050983124808
946,946,946,9.46,2.053641317786064
947,947,947,9.47,1.6074803849369634
948,948,948,9.48,1.1043736580540573
949,949,949,9.49,0.5621439437571704
950,950,950,9.5,5.2915883374624244e-14
951,951,951,9.51,-0.5621439437571502
952,952,952,9.52,-1.1043736580539587
953,953,953,9.53,-1.607480384936946
954,954,954,9.54,-2.053641317786111
955,955,955,9.55,-2.427050983124846
956,956,956,9.56,-2.7144811573980734
957,957,957,9.57,-2.905749483385888
958,958,958,9.58,-2.994080185284815
959,959,959,9.59,-2.97634410394344
960,960,960,9.6,-2.853169548885467
961,961,961,9.61,-2.628920040131628
962,962,962,9.62,-2.3115397283273444
963,963,963,9.63,-1.912271969246019
964,964,964,9.64,-1.4452610223051383
965,965,965,9.65,-0.9270509831248068
966,966,966,9.66,-0.3759997006929317
967,967,967,9.67,0.1883715585879496
968,968,968,9.68,0.7460696614945189
969,969,969,9.69,1.2773378746952015
970,970,970,9.7,1.763355756877428
971,971,971,9.71,2.186905882264261
972,972,972,9.72,2.532983776506036
973,973,973,9.73,2.7893294576647585
974,974,974,9.74,2.9468617521860576
975,975,975,9.75,3.0
976,976,976,9.76,2.94686175218608
977,977,977,9.77,2.7893294576647705
978,978,978,9.78,2.532983776506053
979,979,979,9.79,2.1869058822642256
980,980,980,9.8,1.763355756877385
981,981,981,9.81,1.2773378746952309
982,982,982,9.82,0.7460696614945502
983,983,983,9.83,0.1883715585879819
984,984,984,9.84,-0.3759997006928997
985,985,985,9.85,-0.927050983124776
986,986,986,9.86,-1.44526102230511
987,987,987,9.87,-1.9122719692461256
988,988,988,9.88,-2.311539728327378
989,989,989,9.89,-2.6289200401316126
990,990,990,9.9,-2.8531695488854574
991,991,991,9.91,-2.976344103943436
992,992,992,9.92,-2.994080185284817
993,993,993,9.93,-2.905749483385896
994,994,994,9.94,-2.714481157398087
995,995,995,9.95,-2.4270509831248144
996,996,996,9.96,-2.053641317786073
997,997,997,9.97,-1.6074803849369732
998,998,998,9.98,-1.1043736580540682
999,999,999,9.99,-0.5621439437571819
1000,1000,1000,10.0,-6.467620653025836e-14
1001,1001,1001,10.01,0.5621439437571386
1002,1002,1002,10.02,1.104373658054027
1003,1003,1003,10.03,1.607480384936936
1004,1004,1004,10.04,2.053641317786103
1005,1005,1005,10.05,2.427050983124839
1006,1006,1006,10.06,2.714481157398068
1007,1007,1007,10.07,2.905749483385885
1008,1008,1008,10.08,2.9940801852848145
1009,1009,1009,10.09,2.976344103943441
1010,1010,1010,10.1,2.8531695488854707
1011,1011,1011,10.11,2.628920040131634
1012,1012,1012,10.12,2.311539728327352
1013,1013,1013,10.13,1.912271969246028
1014,1014,1014,10.14,1.4452610223051487
1015,1015,1015,10.15,0.927050983124818
1016,1016,1016,10.16,0.3759997006929434
1017,1017,1017,10.17,-0.1883715585879379
1018,1018,1018,10.18,-0.7460696614945075
1019,1019,1019,10.19,-1.277337874695191
1020,1020,1020,10.2,-1.7633557568774183
1021,1021,1021,10.21,-2.186905882264253
1022,1022,1022,10.22,-2.53298377650603
1023,1023,1023,10.23,-2.789329457664754
1024,1024,1024,10.24,-2.9468617521860714
1025,1025,1025,10.25,-3.0
1026,1026,1026,10.26,-2.9468617521860656
1027,1027,1027,10.27,-2.789329457664775
1028,1028,1028,10.28,-2.53298377650606
1029,1029,1029,10.29,-2.186905882264233
1030,1030,1030,10.3,-1.7633557568773948
1031,1031,1031,10.31,-1.2773378746952415
1032,1032,1032,10.32,-0.7460696614945617
1033,1033,1033,10.33,-0.1883715585879937
1034,1034,1034,10.34,0.375999700692888
1035,1035,1035,10.35,0.9270509831247647
1036,1036,1036,10.36,1.4452610223050997
1037,1037,1037,10.37,1.9122719692461163
1038,1038,1038,10.38,2.31153972832737
1039,1039,1039,10.39,2.628920040131608
1040,1040,1040,10.4,2.853169548885454
1041,1041,1041,10.41,2.9763441039434344
1042,1042,1042,10.42,2.994080185284818
1043,1043,1043,10.43,2.905749483385899
1044,1044,1044,10.44,2.714481157398092
1045,1045,1045,10.45,2.427050983124821
1046,1046,1046,10.46,2.053641317786019
1047,1047,1047,10.47,1.6074803849369834
1048,1048,1048,10.48,1.1043736580539998
1049,1049,1049,10.49,0.5621439437571935
1050,1050,1050,10.5,-8.828598605319534e-15
1051,1051,1051,10.51,-0.5621439437571271
1052,1052,1052,10.52,-1.1043736580540162
1053,1053,1053,10.53,-1.607480384936926
1054,1054,1054,10.54,-2.053641317786094
1055,1055,1055,10.55,-2.427050983124832
1056,1056,1056,10.56,-2.714481157398063
1057,1057,1057,10.57,-2.9057494833858817
1058,1058,1058,10.58,-2.9940801852848136
1059,1059,1059,10.59,-2.9763441039434424
1060,1060,1060,10.6,-2.8531695488854747
1061,1061,1061,10.61,-2.6289200401315984
1062,1062,1062,10.62,-2.3115397283273595
1063,1063,1063,10.63,-1.9122719692460373
1064,1064,1064,10.64,-1.445261022305159
1065,1065,1065,10.65,-0.9270509831248293
1066,1066,1066,10.66,-0.3759997006929551
1067,1067,1067,10.67,0.1883715585879262
1068,1068,1068,10.68,0.7460696614944962
1069,1069,1069,10.69,1.2773378746951802
1070,1070,1070,10.7,1.763355756877478
1071,1071,1071,10.71,2.186905882264245
1072,1072,1072,10.72,2.532983776506069
1073,1073,1073,10.73,2.7893294576647496
1074,1074,1074,10.74,2.946861752186069
1075,1075,1075,10.75,3.0
1076,1076,1076,10.76,2.9468617521860683
1077,1077,1077,10.77,2.789329457664779
1078,1078,1078,10.78,2.532983776506066
1079,1079,1079,10.79,2.186905882264241
1080,1080,1080,10.8,1.763355756877404
1081,1081,1081,10.81,1.2773378746952522
1082,1082,1082,10.82,0.746069661494573
1083,1083,1083,10.83,0.1883715585879203
1084,1084,1084,10.84,-0.3759997006928763
1085,1085,1085,10.85,-0.9270509831248348
1086,1086,1086,10.86,-1.4452610223050892
1087,1087,1087,10.87,-1.9122719692461072
1088,1088,1088,10.88,-2.311539728327363
1089,1089,1089,10.89,-2.628920040131601
1090,1090,1090,10.9,-2.85316954888545
1091,1091,1091,10.91,-2.9763441039434326
1092,1092,1092,10.92,-2.994080185284819
1093,1093,1093,10.93,-2.905749483385902
1094,1094,1094,10.94,-2.714481157398097
1095,1095,1095,10.95,-2.427050983124828
1096,1096,1096,10.96,-2.0536413177860275
1097,1097,1097,10.97,-1.6074803849369932
1098,1098,1098,10.98,-1.1043736580540109
1099,1099,1099,10.99,-0.562143943757205
1100,1100,1100,11.0,-2.931724550314588e-15
1101,1101,1101,11.01,0.5621439437571155
1102,1102,1102,11.02,1.1043736580540051
1103,1103,1103,11.03,1.6074803849369164
1104,1104,1104,11.04,2.0536413177860853
1105,1105,1105,11.05,2.427050983124875
1106,1106,1106,11.06,2.7144811573980583
1107,1107,1107,11.07,2.9057494833859003
1108,1108,1108,11.08,2.994080185284813
1109,1109,1109,11.09,2.976344103943433
1110,1110,1110,11.1,2.8531695488854782
1111,1111,1111,11.11,2.628920040131604
1112,1112,1112,11.12,2.311539728327367
1113,1113,1113,11.13,1.912271969246046
1114,1114,1114,11.14,1.4452610223051692
1115,1115,1115,11.15,0.9270509831248404
1116,1116,1116,11.16,0.3759997006929667
1117,1117,1117,11.17,-0.1883715585879145
1118,1118,1118,11.18,-0.7460696614944848
1119,1119,1119,11.19,-1.2773378746951696
1120,1120,1120,11.2,-1.7633557568774685
1121,1121,1121,11.21,-2.186905882264237
1122,1122,1122,11.22,-2.5329837765060628
1123,1123,1123,11.23,-2.7893294576647456
1124,1124,1124,11.24,-2.9468617521860674
1125,1125,1125,11.25,-3.0
1126,1126,1126,11.26,-2.94686175218607
1127,1127,1127,11.27,-2.789329457664784
1128,1128,1128,11.28,-2.532983776506072
1129,1129,1129,11.29,-2.186905882264191
1130,1130,1130,11.3,-1.763355756877414
1131,1131,1131,11.31,-1.2773378746951856
1132,1132,1132,11.32,-0.7460696614945843
1133,1133,1133,11.33,-0.1883715585879321
1134,1134,1134,11.34,0.3759997006928646
1135,1135,1135,11.35,0.9270509831248236
1136,1136,1136,11.36,1.445261022305079
1137,1137,1137,11.37,1.912271969246098
1138,1138,1138,11.38,2.3115397283273555
1139,1139,1139,11.39,2.628920040131596
1140,1140,1140,11.4,2.8531695488854463
1141,1141,1141,11.41,2.976344103943432
1142,1142,1142,11.42,2.994080185284814
1143,1143,1143,11.43,2.9057494833859048
1144,1144,1144,11.44,2.714481157398066
1145,1145,1145,11.45,2.4270509831248352
1146,1146,1146,11.46,2.0536413177860364
1147,1147,1147,11.47,1.607480384937003
1148,1148,1148,11.48,1.1043736580540218
1149,1149,1149,11.49,0.5621439437572167
1150,1150,1150,11.5,1.4692047705948708e-14
1151,1151,1151,11.51,-0.562143943757104
1152,1152,1152,11.52,-1.1043736580539945
1153,1153,1153,11.53,-1.6074803849369064
1154,1154,1154,11.54,-2.053641317786077
1155,1155,1155,11.55,-2.427050983124868
1156,1156,1156,11.56,-2.714481157398053
1157,1157,1157,11.57,-2.905749483385897
1158,1158,1158,11.58,-2.994080185284812
1159,1159,1159,11.59,-2.976344103943435
1160,1160,1160,11.6,-2.853169548885482
1161,1161,1161,11.61,-2.62892004013161
1162,1162,1162,11.62,-2.311539728327374
1163,1163,1163,11.63,-1.9122719692460552
1164,1164,1164,11.64,-1.4452610223051048
1165,1165,1165,11.65,-0.9270509831248516
1166,1166,1166,11.66,-0.3759997006928938
1167,1167,1167,11.67,0.1883715585879027
1168,1168,1168,11.68,0.746069661494556
1169,1169,1169,11.69,1.2773378746951591
1170,1170,1170,11.7,1.7633557568774587
1171,1171,1171,11.71,2.186905882264229
1172,1172,1172,11.72,2.532983776506057
1173,1173,1173,11.73,2.789329457664741
1174,1174,1174,11.74,2.9468617521860647
1175,1175,1175,11.75,3.0
1176,1176,1176,11.76,2.9468617521860727
1177,1177,1177,11.77,2.789329457664788
1178,1178,1178,11.78,2.5329837765060788
1179,1179,1179,11.79,2.186905882264199
1180,1180,1180,11.8,1.7633557568774232
1181,1181,1181,11.81,1.2773378746951962
1182,1182,1182,11.82,0.7460696614945957
1183,1183,1183,11.83,0.1883715585879438
1184,1184,1184,11.84,-0.375999700692853
1185,1185,1185,11.85,-0.9270509831248124
1186,1186,1186,11.86,-1.4452610223050688
1187,1187,1187,11.87,-1.9122719692460888
1188,1188,1188,11.88,-2.3115397283274026
1189,1189,1189,11.89,-2.62892004013159
1190,1190,1190,11.9,-2.853169548885469
1191,1191,1191,11.91,-2.97634410394343
1192,1192,1192,11.92,-2.9940801852848145
1193,1193,1193,11.93,-2.9057494833859074
1194,1194,1194,11.94,-2.7144811573980707
1195,1195,1195,11.95,-2.427050983124842
1196,1196,1196,11.96,-2.053641317786045
1197,1197,1197,11.97,-1.607480384937013
1198,1198,1198,11.98,-1.1043736580540326
1199,1199,1199,11.99,-0.5621439437572281
1200,1200,1200,12.0,-2.6452370861582836e-14
1201,1201,1201,12.01,0.5621439437571761
1202,1202,1202,12.02,1.1043736580539836
1203,1203,1203,12.03,1.6074803849370405
1204,1204,1204,12.04,2.0536413177860684
1205,1205,1205,12.05,2.427050983124861
1206,1206,1206,12.06,2.714481157398048
1207,1207,1207,12.07,2.9057494833858946
1208,1208,1208,12.08,2.994080185284812
1209,1209,1209,12.09,2.976344103943436
1210,1210,1210,12.1,2.853169548885486
1211,1211,1211,12.11,2.628920040131616
1212,1212,1212,12.12,2.311539728327328
1213,1213,1213,12.13,1.9122719692460644
1214,1214,1214,12.14,1.4452610223051152
1215,1215,1215,12.15,0.9270509831248628
1216,1216,1216,12.16,0.3759997006929055
1217,1217,1217,12.17,-0.188371558587891
1218,1218,1218,12.18,-0.7460696614945446
1219,1219,1219,12.19,-1.2773378746951485
1220,1220,1220,12.2,-1.7633557568774494
1221,1221,1221,12.21,-2.186905882264221
1222,1222,1222,12.22,-2.5329837765060503
1223,1223,1223,12.23,-2.7893294576647683
1224,1224,1224,12.24,-2.9468617521860625
1225,1225,1225,12.25,-3.0
1226,1226,1226,12.26,-2.946861752186075
1227,1227,1227,12.27,-2.7893294576647607
1228,1228,1228,12.28,-2.5329837765060392
1229,1229,1229,12.29,-2.186905882264208
1230,1230,1230,12.3,-1.7633557568774327
1231,1231,1231,12.31,-1.2773378746952069
1232,1232,1232,12.32,-0.7460696614946072
1233,1233,1233,12.33,-0.1883715585879555
1234,1234,1234,12.34,0.3759997006928413
1235,1235,1235,12.35,0.9270509831248012
1236,1236,1236,12.36,1.4452610223050584
1237,1237,1237,12.37,1.9122719692460803
1238,1238,1238,12.38,2.311539728327395
1239,1239,1239,12.39,2.628920040131584
1240,1240,1240,12.4,2.8531695488854654
1241,1241,1241,12.41,2.976344103943428
1242,1242,1242,12.42,2.994080185284816
1243,1243,1243,12.43,2.9057494833859105
1244,1244,1244,12.44,2.714481157398076
1245,1245,1245,12.45,2.427050983124799
1246,1246,1246,12.46,2.0536413177860533
1247,1247,1247,12.47,1.607480384936951
1248,1248,1248,12.48,1.1043736580540435
1249,1249,1249,12.49,0.5621439437571559
1250,1250,1250,12.5,3.821269401721696e-14
1251,1251,1251,12.51,-0.5621439437571646
1252,1252,1252,12.52,-1.1043736580539725
1253,1253,1253,12.53,-1.6074803849370305
1254,1254,1254,12.54,-2.05364131778606
1255,1255,1255,12.55,-2.4270509831248543
1256,1256,1256,12.56,-2.714481157398043
1257,1257,1257,12.57,-2.9057494833858915
1258,1258,1258,12.58,-2.994080185284811
1259,1259,1259,12.59,-2.976344103943438
1260,1260,1260,12.6,-2.8531695488854627
1261,1261,1261,12.61,-2.628920040131621
1262,1262,1262,12.62,-2.311539728327335
1263,1263,1263,12.63,-1.9122719692460728
1264,1264,1264,12.64,-1.4452610223051252
1265,1265,1265,12.65,-0.927050983124874
1266,1266,1266,12.66,-0.3759997006929172
1267,1267,1267,12.67,0.1883715585878793
1268,1268,1268,12.68,0.7460696614945331
1269,1269,1269,12.69,1.2773378746951378
1270,1270,1270,12.7,1.7633557568774396
1271,1271,1271,12.71,2.186905882264272
1272,1272,1272,12.72,2.532983776506044
1273,1273,1273,12.73,2.7893294576647643
1274,1274,1274,12.74,2.9468617521860603
1275,1275,1275,12.75,3.0
1276,1276,1276,12.76,2.9468617521860767
1277,1277,1277,12.77,2.789329457664765
1278,1278,1278,12.78,2.532983776506045
1279,1279,1279,12.79,2.186905882264215
1280,1280,1280,12.8,1.763355756877442
1281,1281,1281,12.81,1.2773378746952175
1282,1282,1282,12.82,0.746069661494536
1283,1283,1283,12.83,0.1883715585879673
1284,1284,1284,12.84,-0.3759997006929143
1285,1285,1285,12.85,-0.92705098312479
1286,1286,1286,12.86,-1.4452610223051228
1287,1287,1287,12.87,-1.9122719692460712
1288,1288,1288,12.88,-2.3115397283273875
1289,1289,1289,12.89,-2.628920040131579
1290,1290,1290,12.9,-2.853169548885462
1291,1291,1291,12.91,-2.976344103943427
1292,1292,1292,12.92,-2.994080185284816
1293,1293,1293,12.93,-2.9057494833859137
1294,1294,1294,12.94,-2.7144811573980805
1295,1295,1295,12.95,-2.427050983124806
1296,1296,1296,12.96,-2.0536413177860617
1297,1297,1297,12.97,-1.607480384936961
1298,1298,1298,12.98,-1.1043736580540546
1299,1299,1299,12.99,-0.5621439437571675
1300,1300,1300,13.0,-4.997301717285107e-14
1301,1301,1301,13.01,0.562143943757153
1302,1302,1302,13.02,1.1043736580539616
1303,1303,1303,13.03,1.6074803849370207
1304,1304,1304,13.04,2.0536413177861137
1305,1305,1305,13.05,2.4270509831248472
1306,1306,1306,13.06,2.7144811573980743
1307,1307,1307,13.07,2.905749483385889
1308,1308,1308,13.08,2.994080185284816
1309,1309,1309,13.09,2.97634410394344
1310,1310,1310,13.1,2.8531695488854663
1311,1311,1311,13.11,2.628920040131627
1312,1312,1312,13.12,2.3115397283273427
1313,1313,1313,13.13,1.9122719692460823
1314,1314,1314,13.14,1.4452610223051356
1315,1315,1315,13.15,0.927050983124885
1316,1316,1316,13.16,0.3759997006929289
1317,1317,1317,13.17,-0.1883715585878675
1318,1318,1318,13.18,-0.7460696614945217
1319,1319,1319,13.19,-1.2773378746952042
1320,1320,1320,13.2,-1.7633557568774303
1321,1321,1321,13.21,-2.186905882264264
1322,1322,1322,13.22,-2.532983776506037
1323,1323,1323,13.23,-2.78932945766476
1324,1324,1324,13.24,-2.946861752186058
1325,1325,1325,13.25,-3.0
1326,1326,1326,13.26,-2.946861752186079
1327,1327,1327,13.27,-2.7893294576647696
1328,1328,1328,13.28,-2.532983776506006
1329,1329,1329,13.29,-2.186905882264224
1330,1330,1330,13.3,-1.7633557568773828
1331,1331,1331,13.31,-1.2773378746952282
1332,1332,1332,13.32,-0.7460696614945475
1333,1333,1333,13.33,-0.188371558587979
1334,1334,1334,13.34,0.3759997006929026
1335,1335,1335,13.35,0.9270509831247788
1336,1336,1336,13.36,1.4452610223051126
1337,1337,1337,13.37,1.912271969246062
1338,1338,1338,13.38,2.31153972832738
1339,1339,1339,13.39,2.628920040131573
1340,1340,1340,13.4,2.8531695488854583
1341,1341,1341,13.41,2.976344103943436
1342,1342,1342,13.42,2.994080185284817
1343,1343,1343,13.43,2.905749483385895
1344,1344,1344,13.44,2.714481157398086
1345,1345,1345,13.45,2.4270509831248126
1346,1346,1346,13.46,2.0536413177860706
1347,1347,1347,13.47,1.6074803849369703
1348,1348,1348,13.48,1.1043736580540653
1349,1349,1349,13.49,0.562143943757179
1350,1350,1350,13.5,6.17333403284852e-14
1351,1351,1351,13.51,-0.5621439437571415
1352,1352,1352,13.52,-1.1043736580539507
1353,1353,1353,13.53,-1.6074803849370105
1354,1354,1354,13.54,-2.053641317786105
1355,1355,1355,13.55,-2.427050983124841
1356,1356,1356,13.56,-2.7144811573980694
1357,1357,1357,13.57,-2.9057494833858857
1358,1358,1358,13.58,-2.9940801852848145
1359,1359,1359,13.59,-2.976344103943441
1360,1360,1360,13.6,-2.8531695488854965
1361,1361,1361,13.61,-2.628920040131592
1362,1362,1362,13.62,-2.3115397283274044
1363,1363,1363,13.63,-1.912271969246026
1364,1364,1364,13.64,-1.445261022305146
1365,1365,1365,13.65,-0.9270509831248964
1366,1366,1366,13.66,-0.3759997006928559
1367,1367,1367,13.67,0.1883715585879409
1368,1368,1368,13.68,0.7460696614945104
1369,1369,1369,13.69,1.2773378746951165
1370,1370,1370,13.7,1.7633557568774207
1371,1371,1371,13.71,2.186905882264197
1372,1372,1372,13.72,2.532983776506077
1373,1373,1373,13.73,2.789329457664756
1374,1374,1374,13.74,2.946861752186056
1375,1375,1375,13.75,3.0
1376,1376,1376,13.76,2.9468617521860656
1377,1377,1377,13.77,2.7893294576647736
1378,1378,1378,13.78,2.532983776506012
1379,1379,1379,13.79,2.186905882264232
1380,1380,1380,13.8,1.7633557568774614
1381,1381,1381,13.81,1.2773378746951616
1382,1382,1382,13.82,0.7460696614945588
1383,1383,1383,13.83,0.1883715585879907
1384,1384,1384,13.84,-0.3759997006928063
1385,1385,1385,13.85,-0.9270509831248488
1386,1386,1386,13.86,-1.445261022305102
1387,1387,1387,13.87,-1.9122719692461183
1388,1388,1388,13.88,-2.311539728327373
1389,1389,1389,13.89,-2.628920040131568
1390,1390,1390,13.9,-2.853169548885481
1391,1391,1391,13.91,-2.9763441039434344
1392,1392,1392,13.92,-2.9940801852848176
1393,1393,1393,13.93,-2.905749483385919
1394,1394,1394,13.94,-2.7144811573980543
1395,1395,1395,13.95,-2.42705098312487
1396,1396,1396,13.96,-2.053641317786017
1397,1397,1397,13.97,-1.6074803849369808
1398,1398,1398,13.98,-1.1043736580540764
1399,1399,1399,13.99,-0.5621439437572743
1400,1400,1400,14.0,1.1771464807092711e-14
1401,1401,1401,14.01,0.56214394375713
1402,1402,1402,14.02,1.1043736580539396
1403,1403,1403,14.03,1.6074803849370007
1404,1404,1404,14.04,2.053641317786034
1405,1405,1405,14.05,2.427050983124884
1406,1406,1406,14.06,2.7144811573980645
1407,1407,1407,14.07,2.9057494833858826
1408,1408,1408,14.08,2.994080185284808
1409,1409,1409,14.09,2.976344103943432
1410,1410,1410,14.1,2.8531695488854734
1411,1411,1411,14.11,2.628920040131638
1412,1412,1412,14.12,2.3115397283273578
1413,1413,1413,14.13,1.9122719692461003
1414,1414,1414,14.14,1.4452610223050817
1415,1415,1415,14.15,0.9270509831248264
1416,1416,1416,14.16,0.3759997006929522
1417,1417,1417,14.17,-0.188371558587844
1418,1418,1418,14.18,-0.7460696614945815
1419,1419,1419,14.19,-1.277337874695183
1420,1420,1420,14.2,-1.7633557568774805
1421,1421,1421,14.21,-2.186905882264248
1422,1422,1422,14.22,-2.532983776506025
1423,1423,1423,14.23,-2.7893294576647825
1424,1424,1424,14.24,-2.94686175218607
1425,1425,1425,14.25,-3.0
1426,1426,1426,14.26,-2.946861752186084
1427,1427,1427,14.27,-2.7893294576647465
1428,1428,1428,14.28,-2.5329837765060645
1429,1429,1429,14.29,-2.186905882264181
1430,1430,1430,14.3,-1.763355756877402
1431,1431,1431,14.31,-1.2773378746952495
1432,1432,1432,14.32,-0.7460696614946527
1433,1433,1433,14.33,-0.1883715585879173
1434,1434,1434,14.34,0.3759997006928792
1435,1435,1435,14.35,0.9270509831247564
1436,1436,1436,14.36,1.4452610223050173
1437,1437,1437,14.37,1.912271969246044
1438,1438,1438,14.38,2.3115397283274195
1439,1439,1439,14.39,2.628920040131603
1440,1440,1440,14.4,2.853169548885451
1441,1441,1441,14.41,2.9763441039434224
1442,1442,1442,14.42,2.994080185284813
1443,1443,1443,14.43,2.9057494833859008
1444,1444,1444,14.44,2.714481157398096
1445,1445,1445,14.45,2.427050983124827
1446,1446,1446,14.46,2.0536413177860875
1447,1447,1447,14.47,1.6074803849369186
1448,1448,1448,14.48,1.104373658054008
1449,1449,1449,14.49,0.5621439437572021
1450,1450,1450,14.5,8.525398663975346e-14
1451,1451,1451,14.51,-0.5621439437572021
1452,1452,1452,14.52,-1.104373658054008
1453,1453,1453,14.53,-1.6074803849370625
1454,1454,1454,14.54,-2.0536413177860875
1455,1455,1455,14.55,-2.427050983124827
1456,1456,1456,14.56,-2.714481157398023
1457,1457,1457,14.57,-2.9057494833859008
1458,1458,1458,14.58,-2.994080185284813
1459,1459,1459,14.59,-2.976344103943444
1460,1460,1460,14.6,-2.853169548885451
1461,1461,1461,14.61,-2.628920040131603
1462,1462,1462,14.62,-2.3115397283273107
1463,1463,1463,14.63,-1.912271969246044
1464,1464,1464,14.64,-1.4452610223051665
1465,1465,1465,14.65,-0.9270509831249186
1466,1466,1466,14.66,-0.3759997006928792
1467,1467,1467,14.67,0.1883715585879174
1468,1468,1468,14.68,0.7460696614944876
1469,1469,1469,14.69,1.2773378746950952
1470,1470,1470,14.7,1.763355756877402
1471,1471,1471,14.71,2.186905882264297
1472,1472,1472,14.72,2.5329837765060645
1473,1473,1473,14.73,2.7893294576647465
1474,1474,1474,14.74,2.9468617521860514
1475,1475,1475,14.75,3.0
1476,1476,1476,14.76,2.94686175218607
1477,1477,1477,14.77,2.7893294576647825
1478,1478,1478,14.78,2.532983776506025
1479,1479,1479,14.79,2.186905882264248
1480,1480,1480,14.8,1.7633557568774805
1481,1481,1481,14.81,1.277337874695183
1482,1482,1482,14.82,0.7460696614945815
1483,1483,1483,14.83,0.1883715585880142
1484,1484,1484,14.84,-0.3759997006929522
1485,1485,1485,14.85,-0.9270509831248264
1486,1486,1486,14.86,-1.4452610223050817
1487,1487,1487,14.87,-1.9122719692461003
1488,1488,1488,14.88,-2.3115397283273578
1489,1489,1489,14.89,-2.628920040131556
1490,1490,1490,14.9,-2.8531695488854734
1491,1491,1491,14.91,-2.976344103943432
1492,1492,1492,14.92,-2.994080185284819
1493,1493,1493,14.93,-2.905749483385925
1494,1494,1494,14.94,-2.7144811573980645
1495,1495,1495,14.95,-2.427050983124784
1496,1496,1496,14.96,-2.053641317786034
1497,1497,1497,14.97,-1.6074803849370007
1498,1498,1498,14.98,-1.1043736580540982
1499,1499,1499,14.99,-0.56214394375713
1500,1500,1500,15.0,-1.1749181504175527e-14
1501,1501,1501,15.01,0.5621439437571069
1502,1502,1502,15.02,1.104373658053918
1503,1503,1503,15.03,1.6074803849369808
1504,1504,1504,15.04,2.053641317786141
1505,1505,1505,15.05,2.42705098312487
1506,1506,1506,15.06,2.7144811573980543
1507,1507,1507,15.07,2.905749483385877
1508,1508,1508,15.08,2.9940801852848176
1509,1509,1509,15.09,2.9763441039434344
1510,1510,1510,15.1,2.853169548885481
1511,1511,1511,15.11,2.628920040131649
1512,1512,1512,15.12,2.311539728327373
1513,1513,1513,15.13,1.9122719692461183
1514,1514,1514,15.14,1.445261022305102
1515,1515,1515,15.15,0.9270509831248488
1516,1516,1516,15.16,0.3759997006929755
1517,1517,1517,15.17,-0.1883715585878206
1518,1518,1518,15.18,-0.7460696614945588
1519,1519,1519,15.19,-1.2773378746951618
1520,1520,1520,15.2,-1.7633557568774614
1521,1521,1521,15.21,-2.186905882264232
1522,1522,1522,15.22,-2.532983776506012
1523,1523,1523,15.23,-2.7893294576647736
1524,1524,1524,15.24,-2.9468617521860656
1525,1525,1525,15.25,-3.0
1526,1526,1526,15.26,-2.946861752186088
1527,1527,1527,15.27,-2.789329457664756
1528,1528,1528,15.28,-2.532983776505985
1529,1529,1529,15.29,-2.186905882264197
1530,1530,1530,15.3,-1.7633557568774207
1531,1531,1531,15.31,-1.2773378746952706
1532,1532,1532,15.32,-0.7460696614945104
1533,1533,1533,15.33,-0.1883715585879408
1534,1534,1534,15.34,0.3759997006928559
1535,1535,1535,15.35,0.927050983124734
1536,1536,1536,15.36,1.445261022305146
1537,1537,1537,15.37,1.912271969246026
1538,1538,1538,15.38,2.3115397283274044
1539,1539,1539,15.39,2.628920040131592
1540,1540,1540,15.4,2.853169548885444
1541,1541,1541,15.41,2.976344103943441
1542,1542,1542,15.42,2.9940801852848145
1543,1543,1543,15.43,2.905749483385907
1544,1544,1544,15.44,2.714481157398106
1545,1545,1545,15.45,2.427050983124841
1546,1546,1546,15.46,2.053641317786105
1547,1547,1547,15.47,1.6074803849369386
1548,1548,1548,15.48,1.10437365805403
1549,1549,1549,15.49,0.5621439437572253
1550,1550,1550,15.5,1.0877463295102166e-13
1551,1551,1551,15.51,-0.562143943757179
1552,1552,1552,15.52,-1.1043736580539862
1553,1553,1553,15.53,-1.607480384937043
1554,1554,1554,15.54,-2.0536413177860706
1555,1555,1555,15.55,-2.4270509831248126
1556,1556,1556,15.56,-2.714481157398086
1557,1557,1557,15.57,-2.905749483385895
1558,1558,1558,15.58,-2.994080185284812
1559,1559,1559,15.59,-2.976344103943447
1560,1560,1560,15.6,-2.8531695488854583
1561,1561,1561,15.61,-2.628920040131614
1562,1562,1562,15.62,-2.311539728327326
1563,1563,1563,15.63,-1.912271969246062
1564,1564,1564,15.64,-1.4452610223051874
1565,1565,1565,15.65,-0.9270509831247788
1566,1566,1566,15.66,-0.3759997006929025
1567,1567,1567,15.67,0.1883715585878939
1568,1568,1568,15.68,0.7460696614944649
1569,1569,1569,15.69,1.2773378746952282
1570,1570,1570,15.7,1.7633557568773828
1571,1571,1571,15.71,2.186905882264281
1572,1572,1572,15.72,2.532983776506052
1573,1573,1573,15.73,2.789329457664738
1574,1574,1574,15.74,2.946861752186047
1575,1575,1575,15.75,3.0
1576,1576,1576,15.76,2.946861752186074
1577,1577,1577,15.77,2.789329457664791
1578,1578,1578,15.78,2.532983776506037
1579,1579,1579,15.79,2.186905882264264
1580,1580,1580,15.8,1.7633557568773617
1581,1581,1581,15.81,1.2773378746952042
1582,1582,1582,15.82,0.7460696614946043
1583,1583,1583,15.83,0.1883715585880377
1584,1584,1584,15.84,-0.3759997006929289
1585,1585,1585,15.85,-0.927050983124804
1586,1586,1586,15.86,-1.4452610223052105
1587,1587,1587,15.87,-1.9122719692460823
1588,1588,1588,15.88,-2.3115397283273427
1589,1589,1589,15.89,-2.628920040131627
1590,1590,1590,15.9,-2.8531695488854663
1591,1591,1591,15.91,-2.9763441039434286
1592,1592,1592,15.92,-2.9940801852848207
1593,1593,1593,15.93,-2.905749483385889
1594,1594,1594,15.94,-2.7144811573980743
1595,1595,1595,15.95,-2.427050983124797
1596,1596,1596,15.96,-2.053641317786051
1597,1597,1597,15.97,-1.6074803849370207
1598,1598,1598,15.98,-1.10437365805412
1599,1599,1599,15.99,-0.5621439437571529
1600,1600,1600,16.0,-3.5269827815443773e-14
1601,1601,1601,16.01,0.5621439437572513
1602,1602,1602,16.02,1.1043736580540546
1603,1603,1603,16.03,1.607480384936961
1604,1604,1604,16.04,2.053641317786
1605,1605,1605,16.05,2.427050983124856
1606,1606,1606,16.06,2.7144811573980445
1607,1607,1607,16.07,2.905749483385871
1608,1608,1608,16.080000000000002,2.994080185284816
1609,1609,1609,16.09,2.976344103943437
1610,1610,1610,16.1,2.853169548885436
1611,1611,1611,16.11,2.6289200401316606
1612,1612,1612,16.12,2.3115397283273875
1613,1613,1613,16.13,1.9122719692461367
1614,1614,1614,16.14,1.4452610223051228
1615,1615,1615,16.15,0.9270509831250332
1616,1616,1616,16.16,0.3759997006929989
1617,1617,1617,16.17,-0.1883715585879673
1618,1618,1618,16.18,-0.746069661494536
1619,1619,1619,16.19,-1.2773378746952946
1620,1620,1620,16.2,-1.7633557568773042
1621,1621,1621,16.21,-2.186905882264216
1622,1622,1622,16.22,-2.532983776506
1623,1623,1623,16.23,-2.789329457664765
1624,1624,1624,16.240000000000002,-2.9468617521860927
1625,1625,1625,16.25,-3.0
1626,1626,1626,16.26,-2.9468617521860603
1627,1627,1627,16.27,-2.7893294576647643
1628,1628,1628,16.28,-2.5329837765059984
1629,1629,1629,16.29,-2.18690588226433
1630,1630,1630,16.3,-1.7633557568774396
1631,1631,1631,16.31,-1.277337874695292
1632,1632,1632,16.32,-0.7460696614945331
1633,1633,1633,16.330000000000002,-0.1883715585877941
1634,1634,1634,16.34,0.3759997006928326
1635,1635,1635,16.35,0.927050983124874
1636,1636,1636,16.36,1.4452610223051254
1637,1637,1637,16.37,1.9122719692461392
1638,1638,1638,16.38,2.311539728327281
1639,1639,1639,16.39,2.62892004013158
1640,1640,1640,16.4,2.853169548885436
1641,1641,1641,16.41,2.976344103943438
1642,1642,1642,16.42,2.994080185284816
1643,1643,1643,16.43,2.9057494833859128
1644,1644,1644,16.44,2.714481157398043
1645,1645,1645,16.45,2.4270509831248543
1646,1646,1646,16.46,2.0536413177859973
1647,1647,1647,16.47,1.6074803849371024
1648,1648,1648,16.48,1.1043736580540515
1649,1649,1649,16.490000000000002,0.5621439437570808
1650,1650,1650,16.5,-3.8234977320134136e-14
1651,1651,1651,16.51,-0.5621439437571559
1652,1652,1652,16.52,-1.1043736580539645
1653,1653,1653,16.53,-1.607480384937023
1654,1654,1654,16.54,-2.0536413177860533
1655,1655,1655,16.55,-2.427050983124799
1656,1656,1656,16.56,-2.714481157398003
1657,1657,1657,16.57,-2.905749483385889
1658,1658,1658,16.580000000000002,-2.9940801852848207
1659,1659,1659,16.59,-2.976344103943449
1660,1660,1660,16.6,-2.8531695488854654
1661,1661,1661,16.61,-2.628920040131625
1662,1662,1662,16.62,-2.311539728327341
1663,1663,1663,16.63,-1.9122719692460803
1664,1664,1664,16.64,-1.4452610223052078
1665,1665,1665,16.65,-0.9270509831249631
1666,1666,1666,16.66,-0.3759997006929259
1667,1667,1667,16.67,0.1883715585880406
1668,1668,1668,16.68,0.7460696614944421
1669,1669,1669,16.69,1.2773378746952069
1670,1670,1670,16.7,1.7633557568773637
1671,1671,1671,16.71,2.186905882264265
1672,1672,1672,16.72,2.532983776505948
1673,1673,1673,16.73,2.7893294576647296
1674,1674,1674,16.740000000000002,2.946861752186075
1675,1675,1675,16.75,3.0
1676,1676,1676,16.76,2.9468617521860465
1677,1677,1677,16.77,2.7893294576648
1678,1678,1678,16.78,2.5329837765060503
1679,1679,1679,16.79,2.18690588226428
1680,1680,1680,16.8,1.7633557568773806
1681,1681,1681,16.81,1.2773378746953796
1682,1682,1682,16.82,0.7460696614946271
1683,1683,1683,16.830000000000002,0.188371558587891
1684,1684,1684,16.84,-0.3759997006929055
1685,1685,1685,16.85,-0.9270509831249438
1686,1686,1686,16.86,-1.4452610223050404
1687,1687,1687,16.87,-1.9122719692460644
1688,1688,1688,16.88,-2.311539728327328
1689,1689,1689,16.89,-2.628920040131616
1690,1690,1690,16.9,-2.8531695488854063
1691,1691,1691,16.91,-2.976344103943425
1692,1692,1692,16.92,-2.994080185284812
1693,1693,1693,16.93,-2.9057494833858946
1694,1694,1694,16.94,-2.714481157398012
1695,1695,1695,16.95,-2.427050983124911
1696,1696,1696,16.96,-2.0536413177860684
1697,1697,1697,16.97,-1.6074803849370405
1698,1698,1698,16.98,-1.1043736580539836
1699,1699,1699,16.990000000000002,-0.5621439437571761
1700,1700,1700,17.0,-5.879047412671201e-14
1701,1701,1701,17.01,0.5621439437572282
1702,1702,1702,17.02,1.1043736580540329
1703,1703,1703,17.03,1.607480384936941
1704,1704,1704,17.04,2.0536413177859827
1705,1705,1705,17.05,2.427050983124842
1706,1706,1706,17.06,2.7144811573980343
1707,1707,1707,17.07,2.9057494833859074
1708,1708,1708,17.080000000000002,2.9940801852848145
1709,1709,1709,17.09,2.9763441039434406
1710,1710,1710,17.1,2.8531695488854427
1711,1711,1711,17.11,2.62892004013159
1712,1712,1712,17.12,2.3115397283274026
1713,1713,1713,17.13,1.912271969246155
1714,1714,1714,17.14,1.4452610223051434
1715,1715,1715,17.150000000000002,0.9270509831247312
1716,1716,1716,17.16,0.3759997006930222
1717,1717,1717,17.17,-0.1883715585879438
1718,1718,1718,17.18,-0.7460696614945133
1719,1719,1719,17.19,-1.2773378746952733
1720,1720,1720,17.2,-1.7633557568774232
1721,1721,1721,17.21,-2.186905882264199
1722,1722,1722,17.22,-2.532983776505988
1723,1723,1723,17.23,-2.7893294576647563
1724,1724,1724,17.240000000000002,-2.9468617521860887
1725,1725,1725,17.25,-3.0
1726,1726,1726,17.26,-2.9468617521860647
1727,1727,1727,17.27,-2.789329457664772
1728,1728,1728,17.28,-2.532983776506011
1729,1729,1729,17.29,-2.186905882264346
1730,1730,1730,17.3,-1.7633557568774587
1731,1731,1731,17.31,-1.2773378746953132
1732,1732,1732,17.32,-0.7460696614945559
1733,1733,1733,17.330000000000002,-0.1883715585878176
1734,1734,1734,17.34,0.3759997006928093
1735,1735,1735,17.35,0.9270509831248516
1736,1736,1736,17.36,1.4452610223051048
1737,1737,1737,17.37,1.9122719692461208
1738,1738,1738,17.38,2.311539728327266
1739,1739,1739,17.39,2.6289200401315687
1740,1740,1740,17.400000000000002,2.853169548885482
1741,1741,1741,17.41,2.976344103943435
1742,1742,1742,17.42,2.9940801852848065
1743,1743,1743,17.43,2.9057494833859185
1744,1744,1744,17.44,2.714481157398053
1745,1745,1745,17.45,2.427050983124868
1746,1746,1746,17.46,2.053641317786015
1747,1747,1747,17.47,1.6074803849371222
1748,1748,1748,17.48,1.1043736580540735
1749,1749,1749,17.490000000000002,0.562143943757104
1750,1750,1750,17.5,-1.4714331008865892e-14
1751,1751,1751,17.51,-0.5621439437573004
1752,1752,1752,17.52,-1.1043736580539425
1753,1753,1753,17.53,-1.607480384937003
1754,1754,1754,17.54,-2.0536413177860364
1755,1755,1755,17.55,-2.427050983124885
1756,1756,1756,17.56,-2.714481157397993
1757,1757,1757,17.57,-2.9057494833858835
1758,1758,1758,17.580000000000002,-2.99408018528482
1759,1759,1759,17.59,-2.976344103943432
1760,1760,1760,17.6,-2.8531695488854725
1761,1761,1761,17.61,-2.6289200401316366
1762,1762,1762,17.62,-2.3115397283273555
1763,1763,1763,17.63,-1.912271969246098
1764,1764,1764,17.64,-1.445261022305079
1765,1765,1765,17.650000000000002,-0.9270509831248236
1766,1766,1766,17.66,-0.3759997006929492
1767,1767,1767,17.67,0.1883715585880171
1768,1768,1768,17.68,0.7460696614945844
1769,1769,1769,17.69,1.2773378746951856
1770,1770,1770,17.7,1.7633557568773448
1771,1771,1771,17.71,2.186905882264249
1772,1772,1772,17.72,2.5329837765060264
1773,1773,1773,17.73,2.7893294576647207
1774,1774,1774,17.740000000000002,2.94686175218607
1775,1775,1775,17.75,3.0
1776,1776,1776,17.76,2.946861752186051
1777,1777,1777,17.77,2.789329457664808
1778,1778,1778,17.78,2.5329837765060628
1779,1779,1779,17.79,2.186905882264296
1780,1780,1780,17.8,1.7633557568773994
1781,1781,1781,17.81,1.2773378746952468
1782,1782,1782,17.82,0.7460696614946499
1783,1783,1783,17.830000000000002,0.1883715585879145
1784,1784,1784,17.84,-0.3759997006928822
1785,1785,1785,17.85,-0.9270509831249214
1786,1786,1786,17.86,-1.4452610223050195
1787,1787,1787,17.87,-1.912271969246046
1788,1788,1788,17.88,-2.311539728327313
1789,1789,1789,17.89,-2.628920040131604
1790,1790,1790,17.900000000000002,-2.8531695488855044
1791,1791,1791,17.91,-2.976344103943423
1792,1792,1792,17.92,-2.994080185284813
1793,1793,1793,17.93,-2.9057494833859003
1794,1794,1794,17.94,-2.714481157398022
1795,1795,1795,17.95,-2.427050983124925
1796,1796,1796,17.96,-2.0536413177860853
1797,1797,1797,17.97,-1.6074803849370602
1798,1798,1798,17.98,-1.1043736580540051
1799,1799,1799,17.990000000000002,-0.5621439437570317
1800,1800,1800,18.0,-8.231112043798026e-14
1801,1801,1801,18.01,0.562143943757205
1802,1802,1802,18.02,1.1043736580540109
1803,1803,1803,18.03,1.6074803849370651
1804,1804,1804,18.04,2.0536413177859654
1805,1805,1805,18.05,2.427050983124828
1806,1806,1806,18.06,2.7144811573980245
1807,1807,1807,18.07,2.905749483385902
1808,1808,1808,18.08,2.994080185284824
1809,1809,1809,18.09,2.976344103943444
1810,1810,1810,18.1,2.85316954888545
1811,1811,1811,18.11,2.628920040131601
1812,1812,1812,18.12,2.311539728327309
1813,1813,1813,18.13,1.9122719692461727
1814,1814,1814,18.14,1.4452610223051638
1815,1815,1815,18.15,0.9270509831247536
1816,1816,1816,18.16,0.3759997006928763
1817,1817,1817,18.17,-0.1883715585879203
1818,1818,1818,18.18,-0.7460696614944904
1819,1819,1819,18.19,-1.2773378746952522
1820,1820,1820,18.2,-1.763355756877404
1821,1821,1821,18.21,-2.186905882264183
1822,1822,1822,18.22,-2.532983776505975
1823,1823,1823,18.23,-2.789329457664748
1824,1824,1824,18.24,-2.9468617521860843
1825,1825,1825,18.25,-3.0
1826,1826,1826,18.26,-2.946861752186069
1827,1827,1827,18.27,-2.789329457664781
1828,1828,1828,18.28,-2.532983776506024
1829,1829,1829,18.29,-2.186905882264245
1830,1830,1830,18.3,-1.763355756877478
1831,1831,1831,18.31,-1.2773378746953346
1832,1832,1832,18.32,-0.7460696614945788
1833,1833,1833,18.33,-0.1883715585878411
1834,1834,1834,18.34,0.375999700692786
1835,1835,1835,18.35,0.9270509831248293
1836,1836,1836,18.36,1.445261022305084
1837,1837,1837,18.37,1.912271969246103
1838,1838,1838,18.38,2.3115397283273595
1839,1839,1839,18.39,2.6289200401315576
1840,1840,1840,18.4,2.8531695488854747
1841,1841,1841,18.41,2.976344103943432
1842,1842,1842,18.42,2.994080185284808
1843,1843,1843,18.43,2.9057494833859243
1844,1844,1844,18.44,2.714481157398063
1845,1845,1845,18.45,2.427050983124881
1846,1846,1846,18.46,2.053641317786032
1847,1847,1847,18.47,1.6074803849371422
1848,1848,1848,18.48,1.1043736580540957
1849,1849,1849,18.49,0.562143943757127
1850,1850,1850,18.5,8.806315302402353e-15
1851,1851,1851,18.51,-0.5621439437572773
1852,1852,1852,18.52,-1.1043736580539207
1853,1853,1853,18.53,-1.6074803849369834
1854,1854,1854,18.54,-2.053641317786019
1855,1855,1855,18.55,-2.427050983124871
1856,1856,1856,18.56,-2.7144811573979832
1857,1857,1857,18.57,-2.9057494833858777
1858,1858,1858,18.58,-2.994080185284818
1859,1859,1859,18.59,-2.9763441039434344
1860,1860,1860,18.6,-2.853169548885427
1861,1861,1861,18.61,-2.628920040131648
1862,1862,1862,18.62,-2.31153972832737
1863,1863,1863,18.63,-1.9122719692461163
1864,1864,1864,18.64,-1.4452610223050997
1865,1865,1865,18.65,-0.927050983124846
1866,1866,1866,18.66,-0.3759997006929725
1867,1867,1867,18.67,0.1883715585879937
1868,1868,1868,18.68,0.7460696614945617
1869,1869,1869,18.69,1.2773378746953186
1870,1870,1870,18.7,1.763355756877326
1871,1871,1871,18.71,2.186905882264233
1872,1872,1872,18.72,2.532983776506014
1873,1873,1873,18.73,2.789329457664775
1874,1874,1874,18.74,2.9468617521860656
1875,1875,1875,18.75,3.0
1876,1876,1876,18.76,2.9468617521860554
1877,1877,1877,18.77,2.789329457664754
1878,1878,1878,18.78,2.532983776506076
1879,1879,1879,18.79,2.186905882264312
1880,1880,1880,18.8,1.7633557568774183
1881,1881,1881,18.81,1.277337874695268
1882,1882,1882,18.82,0.7460696614945075
1883,1883,1883,18.83,0.1883715585879379
1884,1884,1884,18.84,-0.3759997006928588
1885,1885,1885,18.85,-0.927050983124899
1886,1886,1886,18.86,-1.4452610223051487
1887,1887,1887,18.87,-1.912271969246028
1888,1888,1888,18.88,-2.311539728327298
1889,1889,1889,18.89,-2.6289200401315926
1890,1890,1890,18.9,-2.8531695488854973
1891,1891,1891,18.91,-2.97634410394342
1892,1892,1892,18.92,-2.9940801852848145
1893,1893,1893,18.93,-2.905749483385906
1894,1894,1894,18.94,-2.714481157398032
1895,1895,1895,18.95,-2.427050983124939
1896,1896,1896,18.96,-2.053641317786103
1897,1897,1897,18.97,-1.6074803849370798
1898,1898,1898,18.98,-1.104373658054027
1899,1899,1899,18.99,-0.5621439437570548
1900,1900,1900,19.0,-1.0583176674924849e-13
1901,1901,1901,19.01,0.562143943757182
1902,1902,1902,19.02,1.104373658053989
1903,1903,1903,19.03,1.6074803849370451
1904,1904,1904,19.04,2.0536413177859485
1905,1905,1905,19.05,2.4270509831248144
1906,1906,1906,19.06,2.7144811573980143
1907,1907,1907,19.07,2.905749483385896
1908,1908,1908,19.08,2.9940801852848224
1909,1909,1909,19.09,2.9763441039434464
1910,1910,1910,19.1,2.8531695488854574
1911,1911,1911,19.11,2.6289200401316126
1912,1912,1912,19.12,2.311539728327324
1913,1913,1913,19.13,1.9122719692461911
1914,1914,1914,19.14,1.4452610223051847
1915,1915,1915,19.15,0.927050983124776
1916,1916,1916,19.16,0.3759997006928996
1917,1917,1917,19.17,-0.1883715585880671
1918,1918,1918,19.18,-0.7460696614944676
1919,1919,1919,19.19,-1.2773378746952309
1920,1920,1920,19.2,-1.763355756877385
1921,1921,1921,19.21,-2.186905882264284
1922,1922,1922,19.22,-2.532983776505962
1923,1923,1923,19.23,-2.789329457664739
1924,1924,1924,19.24,-2.94686175218608
1925,1925,1925,19.25,-3.0
1926,1926,1926,19.26,-2.9468617521860416
1927,1927,1927,19.27,-2.78932945766479
1928,1928,1928,19.28,-2.532983776506036
1929,1929,1929,19.29,-2.186905882264261
1930,1930,1930,19.3,-1.7633557568773588
1931,1931,1931,19.31,-1.277337874695356
1932,1932,1932,19.32,-0.7460696614946015
1933,1933,1933,19.33,-0.1883715585878645
1934,1934,1934,19.34,0.3759997006929317
1935,1935,1935,19.35,0.9270509831248068
1936,1936,1936,19.36,1.4452610223050637
1937,1937,1937,19.37,1.9122719692460848
1938,1938,1938,19.38,2.3115397283273444
1939,1939,1939,19.39,2.628920040131546
1940,1940,1940,19.4,2.853169548885467
1941,1941,1941,19.41,2.976344103943429
1942,1942,1942,19.42,2.9940801852848096
1943,1943,1943,19.43,2.905749483385888
1944,1944,1944,19.44,2.714481157398073
1945,1945,1945,19.45,2.427050983124896
1946,1946,1946,19.46,2.0536413177860493
1947,1947,1947,19.47,1.607480384937018
1948,1948,1948,19.48,1.1043736580541172
1949,1949,1949,19.49,0.5621439437571502
1950,1950,1950,19.5,3.2326961613670604e-14
1951,1951,1951,19.51,-0.5621439437572542
1952,1952,1952,19.52,-1.1043736580538988
1953,1953,1953,19.53,-1.6074803849369634
1954,1954,1954,19.54,-2.053641317786002
1955,1955,1955,19.55,-2.427050983124857
1956,1956,1956,19.56,-2.714481157398046
1957,1957,1957,19.57,-2.905749483385872
1958,1958,1958,19.58,-2.994080185284816
1959,1959,1959,19.59,-2.976344103943437
1960,1960,1960,19.6,-2.8531695488854347
1961,1961,1961,19.61,-2.62892004013166
1962,1962,1962,19.62,-2.3115397283273857
1963,1963,1963,19.63,-1.9122719692461343
1964,1964,1964,19.64,-1.4452610223051203
1965,1965,1965,19.65,-0.927050983124706
1966,1966,1966,19.66,-0.3759997006929959
1967,1967,1967,19.67,0.1883715585879702
1968,1968,1968,19.68,0.7460696614945388
1969,1969,1969,19.69,1.2773378746952972
1970,1970,1970,19.7,1.7633557568773064
1971,1971,1971,19.71,2.1869058822642176
1972,1972,1972,19.72,2.532983776506001
1973,1973,1973,19.73,2.789329457664766
1974,1974,1974,19.74,2.9468617521860936
1975,1975,1975,19.75,3.0
1976,1976,1976,19.76,2.94686175218606
1977,1977,1977,19.77,2.7893294576647625
1978,1978,1978,19.78,2.5329837765059966
1979,1979,1979,19.79,2.186905882264328
1980,1980,1980,19.8,1.7633557568774374
1981,1981,1981,19.81,1.2773378746952893
1982,1982,1982,19.82,0.7460696614945304
1983,1983,1983,19.83,0.1883715585879614
1984,1984,1984,19.84,-0.3759997006928355
1985,1985,1985,19.85,-0.9270509831248768
1986,1986,1986,19.86,-1.445261022305128
1987,1987,1987,19.87,-1.9122719692461407
1988,1988,1988,19.88,-2.3115397283272827
1989,1989,1989,19.89,-2.628920040131581
1990,1990,1990,19.9,-2.85316954888549
1991,1991,1991,19.91,-2.9763441039434384
1992,1992,1992,19.92,-2.994080185284816
1993,1993,1993,19.93,-2.905749483385912
1994,1994,1994,19.94,-2.7144811573980423
1995,1995,1995,19.95,-2.427050983124852
1996,1996,1996,19.96,-2.05364131778612
1997,1997,1997,19.97,-1.6074803849370998
1998,1998,1998,19.98,-1.104373658054049
1999,1999,1999,19.99,-0.562143943757078
